1748210809637,0,0,0,0,0,0,0,0,0,0,0
1748210809737,0,0,0,0,0,0,0,0,0,0,0
1748210809837,0,0,0,0,0,0,0,0,0,0,0
1748210809937,0,0,0,0,0,0,0,0,0,0,0
1748210810037,0,0,0,0,0,0,0,0,0,0,0
1748210810137,0,0,0,0,0,0,0,0,0,0,0
1748210810237,0,0,0,0,0,0,0,0,0,0,0
1748210810337,0,0,0,0,0,0,0,0,0,0,0
1748210810437,0,0,0,0,0,0,0,0,0,0,0
1748210810537,0,0,0,0,0,0,0,0,0,0,0
1748210810637,0,0,0,0,0,0,0,0,0,0,0
1748210810737,-3750000,-86511,7327,7327,0,0,0,0,0,0,0
1748210810837,-5625000,-135264,75142,38482,0,0,0,0,0,0,0
1748210810937,-7500000,-173021,14655,32981,0,0,0,0,0,0,0
1748210811037,-9375000,-232772,45810,45810,0,0,0,0,0,0,0
1748210811137,-11250000,-274195,21982,58638,0,0,0,0,0,0,0
1748210811237,-13125000,-341277,89797,71467,0,0,0,0,0,0,0
1748210811337,-15000000,-390031,157612,120952,0,0,0,0,0,0,0
1748210811437,-16875000,-431453,188767,133781,0,0,0,0,0,0,0
1748210811537,-18750000,-472876,238252,146609,0,0,0,0,0,0,0
1748210811637,-18750000,-487539,201596,164939,0,0,0,0,0,0,0
1748210811737,-18750000,-491204,311565,256582,0,0,0,0,0,0,0
1748210811837,-18750000,-483873,329891,219926,0,0,0,0,0,0,0
1748210811937,-18750000,-487538,458193,219926,0,0,0,0,0,0,0
1748210812037,-18750000,-447216,531509,256582,0,0,0,0,0,0,0
1748210812137,-18750000,-414225,714791,256582,0,0,0,0,0,0,0
1748210812237,-18750000,-373903,769773,348224,0,0,0,0,0,0,0
1748210812337,-18750000,-326249,824756,311568,0,0,0,0,0,0,0
1748210812437,-18750000,-241939,989714,439867,0,0,0,0,0,0,0
1748210812537,-18750000,-139300,1063027,568166,0,0,0,0,0,0,0
1748210812637,-18750000,14658,1246312,659808,0,0,0,0,0,0,0
1748210812737,-18750000,183280,1429597,751447,0,0,0,0,0,0,0
1748210812837,-18750000,359233,1484583,971388,0,0,0,0,0,0,0
1748210812937,-18750000,549849,1686194,1173003,0,0,0,0,0,0,0
1748210813037,-18750000,747796,1851149,1319632,0,0,0,0,0,0,0
1748210813137,-18750000,942078,1942792,1502917,0,0,0,0,0,0,0
1748210813237,-18750000,1151022,2034434,1649542,0,0,0,0,0,0,0
1748210813337,-18750000,1356301,2181063,1924469,0,0,0,0,0,0,0
1748210813437,-18750000,1557914,2309362,2144410,0,0,0,0,0,0,0
1748210813537,-18750000,1752195,2455990,2327695,0,0,0,0,0,0,0
1748210813637,-18750000,1920817,2675932,2510980,0,0,0,0,0,0,0
1748210813737,-18750000,2089438,2712588,2730925,0,0,0,0,0,0,0
1748210813837,-18750000,2247062,3042498,2914210,0,0,0,0,0,0,0
1748210813937,-18750000,2426681,3060828,3115822,0,0,0,0,0,0,0
1748210814037,-18750000,2617297,3225783,3390746,0,0,0,0,0,0,0
1748210814137,-18750000,2785919,3299099,3683999,0,0,0,0,0,0,0
1748210814237,-18750000,2983865,3610683,3922271,0,0,0,0,0,0,0
1748210814337,-18750000,3207473,3903937,4087226,0,0,0,0,0,0,0
1748210814437,-18750000,3383426,4068892,4178868,0,0,0,0,0,0,0
1748210814537,-18750000,3574043,4362146,4362153,0,0,0,0,0,0,0
1748210814637,-18750000,3782987,4490444,4618751,0,0,0,0,0,0,0
1748210814737,-18750000,3969937,4710386,4783706,0,0,0,0,0,0,0
1748210814837,-18750000,4164218,4783702,4985321,0,0,0,0,0,0,0
1748210814937,-18750000,4358500,5021969,5168606,0,0,0,0,0,0,0
1748210815037,-18750000,4512459,5150268,5296908,0,0,0,0,0,0,0
1748210815137,-18750000,4706741,5498508,5461863,0,0,0,0,0,0,0
1748210815237,-18750000,4886360,5535164,5571836,0,0,0,0,0,0,0
1748210815337,-18750000,5025656,5681793,5773447,0,0,0,0,0,0,0
1748210815437,-18750000,5175949,5700123,5956732,0,0,0,0,0,0,0
1748210815537,-18750000,5307914,5828422,6085031,0,0,0,0,0,0,0
1748210815637,-18750000,5399556,5828422,6158343,0,0,0,0,0,0,0
1748210815737,-18750000,5535187,6011707,6286642,0,0,0,0,0,0,0
1748210815837,-18750000,5659820,6194992,6341624,0,0,0,0,0,0,0
1748210815937,-18750000,5758794,6359947,6396611,0,0,0,0,0,0,0
1748210816037,-18750000,5879762,6469919,6488249,0,0,0,0,0,0,0
1748210816137,-18750000,5949410,6488245,6598222,0,0,0,0,0,0,0
1748210816237,-18750000,6037386,6598218,6708191,0,0,0,0,0,0,0
1748210816337,-18750000,6092372,6653204,6763177,0,0,0,0,0,0,0
1748210816437,-18750000,6165685,6854815,6836489,0,0,0,0,0,0,0
1748210816537,-18750000,6198676,6873145,6799833,0,0,0,0,0,0,0
1748210816637,-18750000,6217004,7111417,6836489,0,0,0,0,0,0,0
1748210816737,-18750000,6154688,7001448,6799833,0,0,0,0,0,0,0
1748210816837,-18750000,6103368,6928132,6781507,0,0,0,0,0,0,0
1748210816937,-18750000,6019057,6799833,6763177,0,0,0,0,0,0,0
1748210817037,-18750000,5912752,6671534,6689864,0,0,0,0,0,0,0
1748210817137,-18750000,5821110,6524909,6506579,0,0,0,0,0,0,0
1748210817237,-18750000,5685479,6396611,6341624,0,0,0,0,0,0,0
1748210817337,-18750000,5546183,6249982,6176669,0,0,0,0,0,0,0
1748210817437,-18750000,5366565,6066697,5975058,0,0,0,0,0,0,0
1748210817537,-18750000,5219938,5846756,5901742,0,0,0,0,0,0,0
1748210817637,-18750000,5069645,5535172,5663474,0,0,0,0,0,0,0
1748210817737,-18750000,4959674,5425199,5498515,0,0,0,0,0,0,0
1748210817837,-18750000,4820378,5241914,5315230,0,0,0,0,0,0,0
1748210817937,-18750000,4670084,5131945,5131945,0,0,0,0,0,0,0
1748210818037,-18750000,4527122,4893674,4930334,0,0,0,0,0,0,0
1748210818137,-18750000,4351168,4820358,4747049,0,0,0,0,0,0,0
1748210818237,-18750000,4164218,4765372,4582094,0,0,0,0,0,0,0
1748210818337,-18750000,3988265,4508774,4398809,0,0,0,0,0,0,0
1748210818437,-18750000,3837971,4453788,4270510,0,0,0,0,0,0,0
1748210818537,-18750000,3676681,4398802,4142212,0,0,0,0,0,0,0
1748210818637,-18750000,3530053,4343816,4013913,0,0,0,0,0,0,0
1748210818737,-18750000,3387092,4215517,3848958,0,0,0,0,0,0,0
1748210818837,-18750000,3236798,4105548,3702329,0,0,0,0,0,0,0
1748210818937,-18750000,3086505,3977249,3500718,0,0,0,0,0,0,0
1748210819037,-18750000,2914218,3922263,3317433,0,0,0,0,0,0,0
1748210819137,-18750000,2789585,3738982,3207464,0,0,0,0,0,0,0
1748210819237,-18750000,2686946,3537370,3115822,0,0,0,0,0,0,0
1748210819337,-18750000,2576976,3464058,2987523,0,0,0,0,0,0,0
1748210819437,-18750000,2467005,3189134,2859221,0,0,0,0,0,0,0
1748210819537,-18750000,2338706,3024179,2712592,0,0,0,0,0,0,0
1748210819637,-18750000,2221404,2932537,2602619,0,0,0,0,0,0,0
1748210819737,-18750000,2078442,2804238,2510977,0,0,0,0,0,0,0
1748210819837,-18750000,1961140,2547640,2364348,0,0,0,0,0,0,0
1748210819937,-18750000,1858501,2455998,2346018,0,0,0,0,0,0,0
1748210820037,-18750000,1763193,2382685,2272702,0,0,0,0,0,0,0
1748210820137,-18750000,1649556,2346025,2199386,0,0,0,0,0,0,0
1748210820237,-18750000,1535920,2181067,2034427,0,0,0,0,0,0,0
1748210820337,-18750000,1535920,2071094,1942784,0,0,0,0,0,0,0
1748210820437,-18750000,1308647,2089421,1814486,0,0,0,0,0,0,0
1748210820537,-18750000,1220671,1851149,1704517,0,0,0,0,0,0,0
1748210820637,-18750000,1125363,1667864,1594548,0,0,0,0,0,0,0
1748210820737,-18750000,1019058,1521236,1484579,0,0,0,0,0,0,0
1748210820837,-18750000,1019058,1539562,1411267,0,0,0,0,0,0,0
1748210820937,-18750000,835774,1502906,1264642,0,0,0,0,0,0,0
1748210821037,-18750000,835774,1466249,1209659,0,0,0,0,0,0,0
1748210821137,-18750000,670818,1246308,1063034,0,0,0,0,0,0,0
1748210821237,-18750000,593838,1319624,989722,0,0,0,0,0,0,0
1748210821337,-18750000,593838,1319624,916409,0,0,0,0,0,0,0
1748210821437,-18750000,454541,1099687,806441,0,0,0,0,0,0,0
1748210821537,-18750000,454541,1099687,678142,0,0,0,0,0,0,0
1748210821637,-18750000,322577,879746,623156,0,0,0,0,0,0,0
1748210821737,-18750000,322577,861419,586499,0,0,0,0,0,0,0
1748210821837,-18750000,274922,861419,549843,0,0,0,0,0,0,0
1748210821937,-18750000,241931,769777,586499,0,0,0,0,0,0,0
1748210822037,-18750000,172283,769777,531513,0,0,0,0,0,0,0
1748210822137,-18750000,54980,659804,476527,0,0,0,0,0,0,0
1748210822237,-18750000,54980,659804,513183,0,0,0,0,0,0,0
1748210822337,-18750000,-3669,494846,494853,0,0,0,0,0,0,0
1748210822437,-18750000,-43992,549828,476523,0,0,0,0,0,0,0
1748210822537,-18750000,-106308,421530,476523,0,0,0,0,0,0,0
1748210822637,-18750000,-175956,568162,531509,0,0,0,0,0,0,0
1748210822737,-18750000,-208947,568162,531509,0,0,0,0,0,0,0
1748210822837,-18750000,-223610,531502,458193,0,0,0,0,0,0,0
1748210822937,-18750000,-278595,476516,348221,0,0,0,0,0,0,0
1748210823037,-18750000,-315251,384873,348221,0,0,0,0,0,0,0
1748210823137,-18750000,-326248,348217,366547,0,0,0,0,0,0,0
1748210823237,-18750000,-377568,366547,366547,0,0,0,0,0,0,0
1748210823337,-18750000,-417890,219922,238248,0,0,0,0,0,0,0
1748210823437,-18750000,-432553,219922,238248,0,0,0,0,0,0,0
1748210823537,-18750000,-432553,256578,238248,0,0,0,0,0,0,0
1748210823637,-18750000,-432553,201592,109950,0,0,0,0,0,0,0
1748210823737,-18750000,-454548,183262,109950,0,0,0,0,0,0,0
1748210823837,-18750000,-472876,201592,109950,0,0,0,0,0,0,0
1748210823937,-18750000,-498536,274905,109950,0,0,0,0,0,0,0
1748210824037,-18750000,-513199,293235,73293,0,0,0,0,0,0,0
1748210824137,-18750000,-524197,329891,73293,0,0,0,0,0,0,0
1748210824237,-18750000,-505868,238248,91623,0,0,0,0,0,0,0
1748210824337,-18750000,-480209,256578,91623,0,0,0,0,0,0,0
1748210824437,-18750000,-483874,201592,54967,0,0,0,0,0,0,0
1748210824537,-18750000,-502202,219918,54967,0,0,0,0,0,0,0
1748210824637,-18750000,-520531,256575,91623,0,0,0,0,0,0,0
1748210824737,-18750000,-527862,329891,128280,0,0,0,0,0,0,0
1748210824837,-18750000,-546191,366547,164940,0,0,0,0,0,0,0
1748210824937,-18750000,-516866,256578,146610,0,0,0,0,0,0,0
1748210825037,-18750000,-527862,238248,128283,0,0,0,0,0,0,0
1748210825137,-18750000,-527862,201592,183266,0,0,0,0,0,0,0
1748210825237,-18750000,-553522,146606,128280,0,0,0,0,0,0,0
1748210825337,-18750000,-549857,256575,146610,0,0,0,0,0,0,0
1748210825437,-18750000,-557188,256575,183266,0,0,0,0,0,0,0
1748210825537,-18750000,-549856,238248,183266,0,0,0,0,0,0,0
1748210825637,-18750000,-531528,219918,238252,0,0,0,0,0,0,0
1748210825737,-18750000,-516865,274901,238252,0,0,0,0,0,0,0
1748210825837,-18750000,-516865,183258,201592,0,0,0,0,0,0,0
1748210825937,-18750000,-509533,164928,183266,0,0,0,0,0,0,0
1748210826037,-18750000,-480208,164928,164936,0,0,0,0,0,0,0
1748210826137,-18750000,-505868,91616,164936,0,0,0,0,0,0,0
1748210826237,-18750000,-502202,238245,183266,0,0,0,0,0,0,0
1748210826337,-18750000,-491205,238245,201592,0,0,0,0,0,0,0
1748210826437,-18750000,-505868,293231,183262,0,0,0,0,0,0,0
1748210826537,-18750000,-472877,311557,183262,0,0,0,0,0,0,0
1748210826637,-18750000,-465545,293231,164932,0,0,0,0,0,0,0
1748210826737,-18750000,-472877,146606,164932,0,0,0,0,0,0,0
1748210826837,-18750000,-469211,146606,73290,0,0,0,0,0,0,0
1748210826937,-18750000,-454548,219922,54960,0,0,0,0,0,0,0
1748210827037,-18750000,-472877,256582,109946,0,0,0,0,0,0,0
1748210827137,-18750000,-432554,366551,109946,0,0,0,0,0,0,0
1748210827237,-18750000,-395897,366551,146602,0,0,0,0,0,0,0
1748210827337,-18750000,-417891,219922,146602,0,0,0,0,0,0,0
1748210827437,-18750000,-417891,109950,91616,0,0,0,0,0,0,0
1748210827537,-18750000,-439886,-36675,128272,0,0,0,0,0,0,0
1748210827637,-18750000,-450883,73293,91616,0,0,0,0,0,0,0
1748210827737,-18750000,-432554,18307,73286,0,0,0,0,0,0,0
1748210827837,-18750000,-428889,109950,146602,0,0,0,0,0,0,0
1748210827937,-18750000,-476543,73290,219914,0,0,0,0,0,0,0
1748210828037,-18750000,-469212,54960,201584,0,0,0,0,0,0,0
1748210828137,-18750000,-465546,73290,164928,0,0,0,0,0,0,0
1748210828237,-18750000,-509534,-22,146598,0,0,0,0,0,0,0
1748210828337,-18750000,-542526,109950,128272,0,0,0,0,0,0,0
1748210828437,-18750000,-535195,311565,201588,0,0,0,0,0,0,0
1748210828537,-18750000,-520532,586488,164932,0,0,0,0,0,0,0
1748210828637,-18750000,-509534,513176,201588,0,0,0,0,0,0,0
1748210828737,-18750000,-527863,549832,201588,0,0,0,0,0,0,0
1748210828837,-18750000,-516866,513176,219915,0,0,0,0,0,0,0
1748210828937,-18750000,-516866,513176,274901,0,0,0,0,0,0,0
1748210829037,-18750000,-498537,531506,256574,0,0,0,0,0,0,0
1748210829137,-18750000,-502203,494849,293231,0,0,0,0,0,0,0
1748210829237,-18750000,-461881,513176,293231,0,0,0,0,0,0,0
1748210829337,-18750000,-421558,458190,293231,0,0,0,0,0,0,0
1748210829437,-18750000,-392232,311561,311557,0,0,0,0,0,0,0
1748210829537,-18750000,-403229,219922,329887,0,0,0,0,0,0,0
1748210829637,-18750000,-399564,219922,329887,0,0,0,0,0,0,0
1748210829737,-18750000,-395898,274908,293231,0,0,0,0,0,0,0
1748210829837,-18750000,-414227,274908,238248,0,0,0,0,0,0,0
1748210829937,-18750000,-377570,238252,183262,0,0,0,0,0,0,0
1748210830037,-18750000,-399563,201592,238248,0,0,0,0,0,0,0
1748210830137,-18750000,-388566,238248,219922,0,0,0,0,0,0,0
1748210830237,-18750000,-403229,183262,201596,0,0,0,0,0,0,0
1748210830337,-18750000,-436220,219918,164939,0,0,0,0,0,0,0
1748210830437,-18750000,-465545,329891,164939,0,0,0,0,0,0,0
1748210830537,-18750000,-469211,311561,146610,0,0,0,0,0,0,0
1748210830637,-18750000,-465545,256575,146610,0,0,0,0,0,0,0
1748210830737,-18750000,-487540,146602,128283,0,0,0,0,0,0,0
1748210830837,-18750000,-480209,-26,146610,0,0,0,0,0,0,0
1748210830937,-18750000,-505868,-18352,54967,0,0,0,0,0,0,0
1748210831037,-18750000,-487540,-91664,-18,0,0,0,0,0,0,0
1748210831137,-18750000,-491206,-146651,18307,0,0,0,0,0,0,0
1748210831237,-18750000,-498537,-36678,-22,0,0,0,0,0,0,0
1748210831337,-18750000,-465546,-18348,-22,0,0,0,0,0,0,0
1748210831437,-18750000,-454549,-91664,-55004,0,0,0,0,0,0,0
1748210831537,-18750000,-450883,-73334,-18348,0,0,0,0,0,0,0
1748210831637,-18750000,-480209,-18,-73334,0,0,0,0,0,0,0
1748210831737,-18750000,-447217,128280,-73334,0,0,0,0,0,0,0
1748210831837,-18750000,-432554,293238,-55005,0,0,0,0,0,0,0
1748210831937,-18750000,-425222,366551,18311,0,0,0,0,0,0,0
1748210832037,-18750000,-421557,458193,54967,0,0,0,0,0,0,0
1748210832137,-18750000,-439886,568166,18311,0,0,0,0,0,0,0
1748210832237,-18750000,-428889,568166,54967,0,0,0,0,0,0,0
1748210832337,-18750000,-428889,623152,18307,0,0,0,0,0,0,0
1748210832437,-18750000,-417892,659812,91620,0,0,0,0,0,0,0
1748210832537,-18750000,-417892,714794,36637,0,0,0,0,0,0,0
1748210832637,-18750000,-403228,623152,54967,0,0,0,0,0,0,0
1748210832737,-18750000,-425223,696468,128279,0,0,0,0,0,0,0
1748210832837,-18750000,-428889,678138,146606,0,0,0,0,0,0,0
1748210832937,-18750000,-428889,623152,164932,0,0,0,0,0,0,0
1748210833037,-18750000,-450883,604822,128276,0,0,0,0,0,0,0
1748210833137,-18750000,-443551,494850,146606,0,0,0,0,0,0,0
1748210833237,-18750000,-432554,421537,109949,0,0,0,0,0,0,0
1748210833337,-18750000,-428888,384881,146609,0,0,0,0,0,0,0
1748210833437,-18750000,-461879,293238,36637,0,0,0,0,0,0,0
1748210833537,-18750000,-476542,183270,128279,0,0,0,0,0,0,0
1748210833637,-18750000,-476542,274912,128279,0,0,0,0,0,0,0
1748210833737,-18750000,-461880,128283,73293,0,0,0,0,0,0,0
1748210833837,-18750000,-491206,73297,91623,0,0,0,0,0,0,0
1748210833937,-18750000,-483874,54971,54967,0,0,0,0,0,0,0
1748210834037,-18750000,-483874,-11,18311,0,0,0,0,0,0,0
1748210834137,-18750000,-476543,54975,-18,0,0,0,0,0,0,0
1748210834237,-18750000,-494872,54975,36637,0,0,0,0,0,0,0
1748210834337,-18750000,-509534,-11,36637,0,0,0,0,0,0,0
1748210834437,-18750000,-472877,146613,109953,0,0,0,0,0,0,0
1748210834537,-18750000,-472877,183270,36637,0,0,0,0,0,0,0
1748210834637,-18750000,-465546,128283,73293,0,0,0,0,0,0,0
1748210834737,-18750000,-469211,219926,36637,0,0,0,0,0,0,0
1748210834837,-18750000,-447217,293242,-18348,0,0,0,0,0,0,0
1748210834937,-18750000,-461879,348224,18307,0,0,0,0,0,0,0
1748210835037,-18750000,-447217,439867,73290,0,0,0,0,0,0,0
1748210835137,-18750000,-443552,311568,109946,0,0,0,0,0,0,0
1748210835237,-18750000,-454549,384881,73290,0,0,0,0,0,0,0
1748210835337,-18750000,-443552,384881,164932,0,0,0,0,0,0,0
1748210835437,-18750000,-461880,219926,146602,0,0,0,0,0,0,0
1748210835537,-18750000,-454548,146613,164932,0,0,0,0,0,0,0
1748210835637,-18750000,-450883,128283,164932,0,0,0,0,0,0,0
1748210835737,-18750000,-454549,109953,256575,0,0,0,0,0,0,0
1748210835837,-18750000,-443551,91623,366547,0,0,0,0,0,0,0
1748210835937,-18750000,-439885,-18,329891,0,0,0,0,0,0,0
1748210836037,-18750000,-432554,-73334,348221,0,0,0,0,0,0,0
1748210836137,-18750000,-439885,-91664,293238,0,0,0,0,0,0,0
1748210836237,-18750000,-428888,-128321,274912,0,0,0,0,0,0,0
1748210836337,-18750000,-461879,-91664,183270,0,0,0,0,0,0,0
1748210836437,-18750000,-447217,-36678,201599,0,0,0,0,0,0,0
1748210836537,-18750000,-447217,-55008,256586,0,0,0,0,0,0,0
1748210836637,-18750000,-454548,-73335,201600,0,0,0,0,0,0,0
1748210836737,-18750000,-436220,-109991,128287,0,0,0,0,0,0,0
1748210836837,-18750000,-439886,-146647,-11,0,0,0,0,0,0,0
1748210836937,-18750000,-447218,-73331,36645,0,0,0,0,0,0,0
1748210837037,-18750000,-454549,-55001,18315,0,0,0,0,0,0,0
1748210837137,-18750000,-439886,91627,36641,0,0,0,0,0,0,0
1748210837237,-18750000,-443551,128283,36641,0,0,0,0,0,0,0
1748210837337,-18750000,-425223,109953,91623,0,0,0,0,0,0,0
1748210837437,-18750000,-417892,91623,54967,0,0,0,0,0,0,0
1748210837537,-18750000,-410561,54967,-18348,0,0,0,0,0,0,0
1748210837637,-18750000,-421558,36637,-73334,0,0,0,0,0,0,0
1748210837737,-18750000,-447217,91623,-55008,0,0,0,0,0,0,0
1748210837837,-18750000,-458215,183266,-55008,0,0,0,0,0,0,0
1748210837937,-18750000,-447218,238252,-91664,0,0,0,0,0,0,0
1748210838037,-18750000,-436220,329895,-109991,0,0,0,0,0,0,0
1748210838137,-18750000,-454549,348225,-109991,0,0,0,0,0,0,0
1748210838237,-18750000,-432555,256582,-73334,0,0,0,0,0,0,0
1748210838337,-18750000,-417892,274912,-55004,0,0,0,0,0,0,0
1748210838437,-18750000,-458214,293242,18307,0,0,0,0,0,0,0
1748210838537,-18750000,-465545,384884,-18,0,0,0,0,0,0,0
1748210838637,-18750000,-458213,421541,73297,0,0,0,0,0,0,0
1748210838737,-18750000,-461879,366554,109953,0,0,0,0,0,0,0
1748210838837,-18750000,-447216,329898,109953,0,0,0,0,0,0,0
1748210838937,-18750000,-443550,348224,183269,0,0,0,0,0,0,0
1748210839037,-18750000,-447216,293238,201596,0,0,0,0,0,0,0
1748210839137,-18750000,-461879,201596,201596,0,0,0,0,0,0,0
1748210839237,-18750000,-472876,293238,183266,0,0,0,0,0,0,0
1748210839337,-18750000,-469211,274908,146610,0,0,0,0,0,0,0
1748210839437,-18750000,-447217,238252,73297,0,0,0,0,0,0,0
1748210839537,-18750000,-428889,293238,91623,0,0,0,0,0,0,0
1748210839637,-18750000,-439886,274912,109950,0,0,0,0,0,0,0
1748210839737,-18750000,-425223,403211,54967,0,0,0,0,0,0,0
1748210839837,-18750000,-447218,384881,73293,0,0,0,0,0,0,0
1748210839937,-18750000,-476543,348225,18307,0,0,0,0,0,0,0
1748210840037,-18750000,-491206,366555,-18348,0,0,0,0,0,0,0
1748210840137,-18750000,-483874,366555,-36674,0,0,0,0,0,0,0
1748210840237,-18750000,-502203,421541,-73331,0,0,0,0,0,0,0
1748210840337,-18750000,-509534,403214,-109987,0,0,0,0,0,0,0
1748210840437,-18750000,-513199,403214,-55004,0,0,0,0,0,0,0
1748210840537,-18750000,-520531,256586,-18348,0,0,0,0,0,0,0
1748210840637,-18750000,-509534,256586,-36675,0,0,0,0,0,0,0
1748210840737,-18750000,-531529,183273,-36675,0,0,0,0,0,0,0
1748210840837,-18750000,-520531,146617,-18345,0,0,0,0,0,0,0
1748210840937,-18750000,-502203,91631,-55001,0,0,0,0,0,0,0
1748210841037,-18750000,-487540,18315,18314,0,0,0,0,0,0,0
1748210841137,-18750000,-469212,54971,36641,0,0,0,0,0,0,0
1748210841237,-18750000,-472877,54971,109953,0,0,0,0,0,0,0
1748210841337,-18750000,-502202,109957,128280,0,0,0,0,0,0,0
1748210841437,-18750000,-516866,109957,109953,0,0,0,0,0,0,0
1748210841537,-18750000,-516866,238256,73297,0,0,0,0,0,0,0
1748210841637,-18750000,-498537,238256,18311,0,0,0,0,0,0,0
1748210841737,-18750000,-472877,146613,128280,0,0,0,0,0,0,0
1748210841837,-18750000,-476543,109957,164936,0,0,0,0,0,0,0
1748210841937,-18750000,-472877,36645,219918,0,0,0,0,0,0,0
1748210842037,-18750000,-428889,109961,219918,0,0,0,0,0,0,0
1748210842137,-18750000,-344578,274916,366547,0,0,0,0,0,0,0
1748210842237,-18750000,-197951,348228,531506,0,0,0,0,0,0,0
1748210842337,-18750000,-3669,476527,769777,0,0,0,0,0,0,0
1748210842437,-18750000,234600,696468,989718,0,0,0,0,0,0,0
1748210842537,-18750000,480201,916409,1301302,0,0,0,0,0,0,0
1748210842637,-18750000,773456,1282976,1649542,0,0,0,0,0,0,0
1748210842737,-18750000,1096037,1704532,1924469,0,0,0,0,0,0,0
1748210842837,-18750000,1458940,2052772,2272709,0,0,0,0,0,0,0
1748210842937,-18750000,1869497,2565967,2657609,0,0,0,0,0,0,0
1748210843037,-18750000,2239732,2914207,3042506,0,0,0,0,0,0,0
1748210843137,-18750000,2631960,3262447,3390746,0,0,0,0,0,0,0
1748210843237,-18750000,2998529,3574030,3683999,0,0,0,0,0,0,0
1748210843337,-18750000,3354100,3940597,4050569,0,0,0,0,0,0,0
1748210843437,-18750000,3669350,4343823,4380479,0,0,0,0,0,0,0
1748210843537,-18750000,3969937,4600421,4673737,0,0,0,0,0,0,0
1748210843637,-18750000,4248530,4765379,4930334,0,0,0,0,0,0,0
1748210843737,-18750000,4519790,4875348,5186932,0,0,0,0,0,0,0
1748210843837,-18750000,4754395,5223588,5388547,0,0,0,0,0,0,0
1748210843937,-18750000,4981667,5480186,5626814,0,0,0,0,0,0,0
1748210844037,-18750000,5190611,5718453,5846756,0,0,0,0,0,0,0
1748210844137,-18750000,5340905,5828426,6030041,0,0,0,0,0,0,0
1748210844237,-18750000,5505860,6103353,6213326,0,0,0,0,0,0,0
1748210844337,-18750000,5681813,6323294,6359951,0,0,0,0,0,0,0
1748210844437,-18750000,5832107,6304964,6506579,0,0,0,0,0,0,0
1748210844537,-18750000,5989731,6579892,6634878,0,0,0,0,0,0,0
1748210844637,-18750000,6129027,6781503,6799837,0,0,0,0,0,0,0
1748210844737,-18750000,6260992,7038101,6946466,0,0,0,0,0,0,0
1748210844837,-18750000,6392957,7166399,7111421,0,0,0,0,0,0,0
1748210844937,-18750000,6521256,7221386,7203063,0,0,0,0,0,0,0
1748210845037,-18750000,6631226,7423001,7276376,0,0,0,0,0,0,0
1748210845137,-18750000,6752195,7587956,7386344,0,0,0,0,0,0,0
1748210845237,-18750000,6865831,7551299,7551299,0,0,0,0,0,0,0
1748210845337,-18750000,6931814,7587959,7624616,0,0,0,0,0,0,0
1748210845437,-18750000,7041784,7862887,7697928,0,0,0,0,0,0,0
1748210845537,-18750000,7093103,7936199,7807897,0,0,0,0,0,0,0
1748210845637,-18750000,7148089,7972856,7862879,0,0,0,0,0,0,0
1748210845737,-18750000,7210406,8027842,7881206,0,0,0,0,0,0,0
1748210845837,-18750000,7258059,7972856,7936192,0,0,0,0,0,0,0
1748210845937,-18750000,7276388,8064498,8027834,0,0,0,0,0,0,0
1748210846037,-18750000,7342370,8064498,8119477,0,0,0,0,0,0,0
1748210846137,-18750000,7390024,8137811,8174463,0,0,0,0,0,0,0
1748210846237,-18750000,7419350,8137811,8192793,0,0,0,0,0,0,0
1748210846337,-18750000,7488998,8101151,8247776,0,0,0,0,0,0,0
1748210846437,-18750000,7510992,8119477,8321092,0,0,0,0,0,0,0
1748210846537,-18750000,7584306,8082821,8357748,0,0,0,0,0,0,0
1748210846637,-18750000,7642957,8211119,8412734,0,0,0,0,0,0,0
1748210846737,-18750000,7683280,8174463,8449394,0,0,0,0,0,0,0
1748210846837,-18750000,7738265,8284436,8467721,0,0,0,0,0,0,0
1748210846937,-18750000,7785920,8357752,8467721,0,0,0,0,0,0,0
1748210847037,-18750000,7804248,8376078,8504377,0,0,0,0,0,0,0
1748210847137,-18750000,7818911,8357752,8504377,0,0,0,0,0,0,0
1748210847237,-18750000,7848237,8486051,8522703,0,0,0,0,0,0,0
1748210847337,-18750000,7844572,8559367,8486047,0,0,0,0,0,0,0
1748210847437,-18750000,7829909,8614353,8449391,0,0,0,0,0,0,0
1748210847537,-18750000,7822577,8541041,8431064,0,0,0,0,0,0,0
1748210847637,-18750000,7815246,8541041,8412738,0,0,0,0,0,0,0
1748210847737,-18750000,7818911,8614353,8412738,0,0,0,0,0,0,0
1748210847837,-18750000,7833574,8596023,8431068,0,0,0,0,0,0,0
1748210847937,-18750000,7844570,8541037,8431068,0,0,0,0,0,0,0
1748210848037,-18750000,7873896,8577697,8376086,0,0,0,0,0,0,0
1748210848137,-18750000,7881227,8596023,8412742,0,0,0,0,0,0,0
1748210848237,-18750000,7884892,8651009,8357759,0,0,0,0,0,0,0
1748210848337,-18750000,7906886,8559367,8321103,0,0,0,0,0,0,0
1748210848437,-18750000,7950875,8486054,8357759,0,0,0,0,0,0,0
1748210848537,-18750000,7991197,8596023,8394415,0,0,0,0,0,0,0
1748210848637,-18750000,8009525,8486054,8449398,0,0,0,0,0,0,0
1748210848737,-18750000,8038851,8577697,8449398,0,0,0,0,0,0,0
1748210848837,-18750000,8053514,8577697,8467724,0,0,0,0,0,0,0
1748210848937,-18750000,8079174,8596023,8467724,0,0,0,0,0,0,0
1748210849037,-18750000,8075508,8577693,8467724,0,0,0,0,0,0,0
1748210849137,-18750000,8119496,8614353,8394412,0,0,0,0,0,0,0
1748210849237,-18750000,8152488,8577693,8412738,0,0,0,0,0,0,0
1748210849337,-18750000,8159819,8687662,8522710,0,0,0,0,0,0,0
1748210849437,-18750000,8159819,8669332,8577697,0,0,0,0,0,0,0
1748210849537,-18750000,8141491,8651006,8559367,0,0,0,0,0,0,0
1748210849637,-18750000,8152488,8815961,8614353,0,0,0,0,0,0,0
1748210849737,-18750000,8159819,8815961,8651009,0,0,0,0,0,0,0
1748210849837,-18750000,8163485,8779304,8687669,0,0,0,0,0,0,0
1748210849937,-18750000,8145156,8651006,8724325,0,0,0,0,0,0,0
1748210850037,-18750000,8152487,8614349,8742652,0,0,0,0,0,0,0
1748210850137,-18750000,8159819,8669332,8834294,0,0,0,0,0,0,0
1748210850237,-18750000,8156153,8724318,8889280,0,0,0,0,0,0,0
1748210850337,-18750000,8174481,8779304,8889280,0,0,0,0,0,0,0
1748210850437,-18750000,8181813,8870947,8852620,0,0,0,0,0,0,0
1748210850537,-18750000,8200142,8870947,8870950,0,0,0,0,0,0,0
1748210850637,-18750000,8214804,8889277,8815964,0,0,0,0,0,0,0
1748210850737,-18750000,8214804,8779308,8889277,0,0,0,0,0,0,0
1748210850837,-18750000,8214804,8834294,8815960,0,0,0,0,0,0,0
1748210850937,-18750000,8207473,8999253,8779304,0,0,0,0,0,0,0
1748210851037,-18750000,8189144,9072566,8742648,0,0,0,0,0,0,0
1748210851137,-18750000,8185479,9035909,8724318,0,0,0,0,0,0,0
1748210851237,-18750000,8159819,8999253,8687662,0,0,0,0,0,0,0
1748210851337,-18750000,8141491,8962597,8632676,0,0,0,0,0,0,0
1748210851437,-18750000,8130493,8907611,8632676,0,0,0,0,0,0,0
1748210851537,-18750000,8126827,8852624,8614346,0,0,0,0,0,0,0
1748210851637,-18750000,8108499,8834294,8614346,0,0,0,0,0,0,0
1748210851737,-18750000,8097502,8870951,8577689,0,0,0,0,0,0,0
1748210851837,-18750000,8101168,8944263,8596019,0,0,0,0,0,0,0
1748210851937,-18750000,8145156,8852621,8687662,0,0,0,0,0,0,0
1748210852037,-18750000,8174482,8870951,8797634,0,0,0,0,0,0,0
1748210852137,-18750000,8170816,8834294,8760978,0,0,0,0,0,0,0
1748210852237,-18750000,8207473,8760982,8779304,0,0,0,0,0,0,0
1748210852337,-18750000,8222136,8742652,8834290,0,0,0,0,0,0,0
1748210852437,-18750000,8251462,8742652,8834290,0,0,0,0,0,0,0
1748210852537,-18750000,8251462,8742652,8852620,0,0,0,0,0,0,0
1748210852637,-18750000,8266125,8705995,8889280,0,0,0,0,0,0,0
1748210852737,-18750000,8255129,8779308,8925937,0,0,0,0,0,0,0
1748210852837,-18750000,8240466,8834294,8962593,0,0,0,0,0,0,0
1748210852937,-18750000,8222138,8962593,8889280,0,0,0,0,0,0,0
1748210853037,-18750000,8218472,8962593,8834294,0,0,0,0,0,0,0
1748210853137,-18750000,8214806,8962593,8870950,0,0,0,0,0,0,0
1748210853237,-18750000,8207475,8962593,8925937,0,0,0,0,0,0,0
1748210853337,-18750000,8225802,9035909,8870951,0,0,0,0,0,0,0
1748210853437,-18750000,8229467,9072569,8852624,0,0,0,0,0,0,0
1748210853537,-18750000,8236799,9182542,8870954,0,0,0,0,0,0,0
1748210853637,-18750000,8233133,9182542,8815968,0,0,0,0,0,0,0
1748210853737,-18750000,8255127,9237528,8724326,0,0,0,0,0,0,0
1748210853837,-18750000,8277121,9164215,8705996,0,0,0,0,0,0,0
1748210853937,-18750000,8247796,9090899,8705996,0,0,0,0,0,0,0
1748210854037,-18750000,8240465,9017583,8742652,0,0,0,0,0,0,0
1748210854137,-18750000,8214805,9054239,8779312,0,0,0,0,0,0,0
1748210854237,-18750000,8218470,9182538,8724326,0,0,0,0,0,0,0
1748210854337,-18750000,8200142,9145882,8742652,0,0,0,0,0,0,0
1748210854437,-18750000,8181814,9017579,8779308,0,0,0,0,0,0,0
1748210854537,-18750000,8174482,9017579,8724322,0,0,0,0,0,0,0
1748210854637,-18750000,8170816,9017579,8760978,0,0,0,0,0,0,0
1748210854737,-18750000,8156153,8944267,8797634,0,0,0,0,0,0,0
1748210854837,-18750000,8134160,8870950,8797634,0,0,0,0,0,0,0
1748210854937,-18750000,8170817,8834294,8797634,0,0,0,0,0,0,0
1748210855037,-18750000,8159819,8925937,8742648,0,0,0,0,0,0,0
1748210855137,-18750000,8196476,8797638,8705988,0,0,0,0,0,0,0
1748210855237,-18750000,8181814,8724322,8687662,0,0,0,0,0,0,0
1748210855337,-18750000,8192810,8742648,8724322,0,0,0,0,0,0,0
1748210855437,-18750000,8203808,8889277,8742652,0,0,0,0,0,0,0
1748210855537,-18750000,8192811,8962589,8779308,0,0,0,0,0,0,0
1748210855637,-18750000,8189146,9054232,8742652,0,0,0,0,0,0,0
1748210855737,-18750000,8196477,9054232,8742652,0,0,0,0,0,0,0
1748210855837,-18750000,8200142,9145874,8687669,0,0,0,0,0,0,0
1748210855937,-18750000,8196476,9219190,8724325,0,0,0,0,0,0,0
1748210856037,-18750000,8218471,9072565,8797642,0,0,0,0,0,0,0
1748210856137,-18750000,8203808,9145878,8742659,0,0,0,0,0,0,0
1748210856237,-18750000,8196477,9164208,8797645,0,0,0,0,0,0,0
1748210856337,-18750000,8167152,9127552,8742659,0,0,0,0,0,0,0
1748210856437,-18750000,8152490,9054239,8669343,0,0,0,0,0,0,0
1748210856537,-18750000,8145158,8907610,8687673,0,0,0,0,0,0,0
1748210856637,-18750000,8141492,8852624,8724329,0,0,0,0,0,0,0
1748210856737,-18750000,8137826,8852624,8687673,0,0,0,0,0,0,0
1748210856837,-18750000,8141492,8797638,8705999,0,0,0,0,0,0,0
1748210856937,-18750000,8141492,8760978,8687669,0,0,0,0,0,0,0
1748210857037,-18750000,8134160,8779304,8687669,0,0,0,0,0,0,0
1748210857137,-18750000,8123163,8779304,8742652,0,0,0,0,0,0,0
1748210857237,-18750000,8137826,8815961,8687666,0,0,0,0,0,0,0
1748210857337,-18750000,8134160,8834291,8669336,0,0,0,0,0,0,0
1748210857437,-18750000,8145156,8925933,8742652,0,0,0,0,0,0,0
1748210857537,-18750000,8167151,9017576,8669336,0,0,0,0,0,0,0
1748210857637,-18750000,8152488,8980919,8651006,0,0,0,0,0,0,0
1748210857737,-18750000,8141492,8889277,8687662,0,0,0,0,0,0,0
1748210857837,-18750000,8108501,8962593,8669335,0,0,0,0,0,0,0
1748210857937,-18750000,8104835,8925937,8687665,0,0,0,0,0,0,0
1748210858037,-18750000,8090171,8999253,8632679,0,0,0,0,0,0,0
1748210858137,-18750000,8108500,8999253,8596023,0,0,0,0,0,0,0
1748210858237,-18750000,8086505,8925941,8596023,0,0,0,0,0,0,0
1748210858337,-18750000,8101168,8797638,8651009,0,0,0,0,0,0,0
1748210858437,-18750000,8097503,8724322,8577693,0,0,0,0,0,0,0
1748210858537,-18750000,8060846,8705995,8596023,0,0,0,0,0,0,0
1748210858637,-18750000,8079174,8614353,8596023,0,0,0,0,0,0,0
1748210858737,-18750000,8057180,8651009,8559367,0,0,0,0,0,0,0
1748210858837,-18750000,8086505,8632679,8614349,0,0,0,0,0,0,0
1748210858937,-18750000,8079173,8687665,8559363,0,0,0,0,0,0,0
1748210859037,-18750000,8093837,8596023,8541033,0,0,0,0,0,0,0
1748210859137,-18750000,8071842,8449398,8632676,0,0,0,0,0,0,0
1748210859237,-18750000,8068177,8486054,8632676,0,0,0,0,0,0,0
1748210859337,-18750000,8038852,8559370,8577689,0,0,0,0,0,0,0
1748210859437,-18750000,8024189,8596030,8577689,0,0,0,0,0,0,0
1748210859537,-18750000,8031520,8504388,8632676,0,0,0,0,0,0,0
1748210859637,-18750000,8020523,8541044,8669336,0,0,0,0,0,0,0
1748210859737,-18750000,8027854,8577700,8705992,0,0,0,0,0,0,0
1748210859837,-18750000,8031520,8596030,8705992,0,0,0,0,0,0,0
1748210859937,-18750000,7998529,8596030,8724322,0,0,0,0,0,0,0
1748210860037,-18750000,7998529,8651013,8724322,0,0,0,0,0,0,0
1748210860137,-18750000,7998529,8760982,8614353,0,0,0,0,0,0,0
1748210860237,-18750000,8009526,8724326,8596023,0,0,0,0,0,0,0
1748210860337,-18750000,8013191,8651009,8614353,0,0,0,0,0,0,0
1748210860437,-18750000,8013191,8669336,8596027,0,0,0,0,0,0,0
1748210860537,-18750000,8027855,8705992,8541041,0,0,0,0,0,0,0
1748210860637,-18750000,8038852,8724322,8522711,0,0,0,0,0,0,0
1748210860737,-18750000,8053515,8705992,8504384,0,0,0,0,0,0,0
1748210860837,-18750000,8035187,8559363,8467728,0,0,0,0,0,0,0
1748210860937,-18750000,8046184,8522707,8467728,0,0,0,0,0,0,0
1748210861037,-18750000,8031521,8467724,8449402,0,0,0,0,0,0,0
1748210861137,-18750000,8016858,8541041,8486058,0,0,0,0,0,0,0
1748210861237,-18750000,7991198,8541041,8504388,0,0,0,0,0,0,0
1748210861337,-18750000,7998530,8651013,8467732,0,0,0,0,0,0,0
1748210861437,-18750000,7987533,8632687,8559374,0,0,0,0,0,0,0
1748210861537,-18750000,7987533,8687673,8559374,0,0,0,0,0,0,0
1748210861637,-18750000,7954542,8577700,8504388,0,0,0,0,0,0,0
1748210861737,-18750000,7943545,8577700,8449402,0,0,0,0,0,0,0
1748210861837,-18750000,7936214,8632687,8467732,0,0,0,0,0,0,0
1748210861937,-18750000,7947210,8687673,8431076,0,0,0,0,0,0,0
1748210862037,-18750000,7954542,8779315,8467732,0,0,0,0,0,0,0
1748210862137,-18750000,7950877,8687673,8467732,0,0,0,0,0,0,0
1748210862237,-18750000,7980202,8559374,8449402,0,0,0,0,0,0,0
1748210862337,-18750000,7991199,8577704,8467728,0,0,0,0,0,0,0
1748210862437,-18750000,8002196,8577704,8412742,0,0,0,0,0,0,0
1748210862537,-18750000,8002196,8486062,8431068,0,0,0,0,0,0,0
1748210862637,-18750000,8020523,8651020,8449398,0,0,0,0,0,0,0
1748210862737,-18750000,8027855,8687680,8541041,0,0,0,0,0,0,0
1748210862837,-18750000,8027855,8669350,8541041,0,0,0,0,0,0,0
1748210862937,-18750000,8042518,8559378,8504381,0,0,0,0,0,0,0
1748210863037,-18750000,8020523,8596034,8486051,0,0,0,0,0,0,0
1748210863137,-18750000,8031520,8687677,8522707,0,0,0,0,0,0,0
1748210863237,-18750000,7987532,8797645,8559363,0,0,0,0,0,0,0
1748210863337,-18750000,7965538,8742659,8596019,0,0,0,0,0,0,0
1748210863437,-18750000,7965538,8687673,8577689,0,0,0,0,0,0,0
1748210863537,-18750000,7965538,8815972,8577689,0,0,0,0,0,0,0
1748210863637,-18750000,7965538,8834298,8559359,0,0,0,0,0,0,0
1748210863737,-18750000,7954541,8779312,8504373,0,0,0,0,0,0,0
1748210863837,-18750000,7972869,8870954,8449387,0,0,0,0,0,0,0
1748210863937,-18750000,7961872,8907611,8541029,0,0,0,0,0,0,0
1748210864037,-18750000,7965538,8815968,8522703,0,0,0,0,0,0,0
1748210864137,-18750000,7965538,8760982,8486047,0,0,0,0,0,0,0
1748210864237,-18750000,7987532,8815968,8431064,0,0,0,0,0,0,0
1748210864337,-18750000,8002195,8852624,8357752,0,0,0,0,0,0,0
1748210864437,-18750000,7987532,8779308,8321095,0,0,0,0,0,0,0
1748210864537,-18750000,7969204,8724322,8357755,0,0,0,0,0,0,0
1748210864637,-18750000,7958207,8614353,8412742,0,0,0,0,0,0,0
1748210864737,-18750000,7939879,8669339,8412742,0,0,0,0,0,0,0
1748210864837,-18750000,7914219,8651013,8412742,0,0,0,0,0,0,0
1748210864937,-18750000,7888559,8669343,8394415,0,0,0,0,0,0,0
1748210865037,-18750000,7870231,8577700,8376085,0,0,0,0,0,0,0
1748210865137,-18750000,7870231,8522714,8339429,0,0,0,0,0,0,0
1748210865237,-18750000,7862900,8541044,8376085,0,0,0,0,0,0,0
1748210865337,-18750000,7837240,8486058,8431072,0,0,0,0,0,0,0
1748210865437,-18750000,7840906,8522718,8449402,0,0,0,0,0,0,0
1748210865537,-18750000,7826242,8467732,8376086,0,0,0,0,0,0,0
1748210865637,-18750000,7811579,8522714,8321099,0,0,0,0,0,0,0
1748210865737,-18750000,7815245,8412742,8339429,0,0,0,0,0,0,0
1748210865837,-18750000,7822576,8302769,8412742,0,0,0,0,0,0,0
1748210865937,-18750000,7818910,8321095,8357756,0,0,0,0,0,0,0
1748210866037,-18750000,7818910,8357752,8339426,0,0,0,0,0,0,0
1748210866137,-18750000,7811579,8431064,8376082,0,0,0,0,0,0,0
1748210866237,-18750000,7796916,8431064,8339426,0,0,0,0,0,0,0
1748210866337,-18750000,7818910,8431064,8357752,0,0,0,0,0,0,0
1748210866437,-18750000,7804247,8449390,8339422,0,0,0,0,0,0,0
1748210866537,-18750000,7818910,8559363,8284435,0,0,0,0,0,0,0
1748210866637,-18750000,7822576,8559363,8284435,0,0,0,0,0,0,0
1748210866737,-18750000,7826242,8541033,8266105,0,0,0,0,0,0,0
1748210866837,-18750000,7818911,8651005,8192793,0,0,0,0,0,0,0
1748210866937,-18750000,7811579,8614349,8174463,0,0,0,0,0,0,0
1748210867037,-18750000,7793251,8632679,8247779,0,0,0,0,0,0,0
1748210867137,-18750000,7793251,8687666,8229449,0,0,0,0,0,0,0
1748210867237,-18750000,7822577,8596023,8229449,0,0,0,0,0,0,0
1748210867337,-18750000,7804249,8577697,8211123,0,0,0,0,0,0,0
1748210867437,-18750000,7778589,8504384,8192793,0,0,0,0,0,0,0
1748210867537,-18750000,7767592,8321099,8247779,0,0,0,0,0,0,0
1748210867637,-18750000,7767592,8284443,8211123,0,0,0,0,0,0,0
1748210867737,-18750000,7774923,8302773,8211123,0,0,0,0,0,0,0
1748210867837,-18750000,7774923,8229457,8247779,0,0,0,0,0,0,0
1748210867937,-18750000,7789586,8247787,8284439,0,0,0,0,0,0,0
1748210868037,-18750000,7818912,8284443,8266109,0,0,0,0,0,0,0
1748210868137,-18750000,7818912,8247787,8339426,0,0,0,0,0,0,0
1748210868237,-18750000,7796917,8211127,8357752,0,0,0,0,0,0,0
1748210868337,-18750000,7796917,8229453,8284436,0,0,0,0,0,0,0
1748210868437,-18750000,7818912,8339422,8321096,0,0,0,0,0,0,0
1748210868537,-18750000,7811581,8431064,8376082,0,0,0,0,0,0,0
1748210868637,-18750000,7807915,8376078,8394412,0,0,0,0,0,0,0
1748210868737,-18750000,7804249,8431064,8376085,0,0,0,0,0,0,0
1748210868837,-18750000,7800583,8412738,8394415,0,0,0,0,0,0,0
1748210868937,-18750000,7763926,8376082,8449398,0,0,0,0,0,0,0
1748210869037,-18750000,7767591,8412738,8431072,0,0,0,0,0,0,0
1748210869137,-18750000,7763926,8449394,8394412,0,0,0,0,0,0,0
1748210869237,-18750000,7727270,8559367,8412742,0,0,0,0,0,0,0
1748210869337,-18750000,7719938,8577697,8504384,0,0,0,0,0,0,0
1748210869437,-18750000,7708940,8651013,8449398,0,0,0,0,0,0,0
1748210869537,-18750000,7697943,8614357,8376085,0,0,0,0,0,0,0
1748210869637,-18750000,7708940,8596031,8394412,0,0,0,0,0,0,0
1748210869737,-18750000,7690612,8577701,8394412,0,0,0,0,0,0,0
1748210869837,-18750000,7657621,8541041,8339425,0,0,0,0,0,0,0
1748210869937,-18750000,7690612,8559367,8284443,0,0,0,0,0,0,0
1748210870037,-18750000,7675949,8559367,8284443,0,0,0,0,0,0,0
1748210870137,-18750000,7686946,8467724,8211130,0,0,0,0,0,0,0
1748210870237,-18750000,7690611,8431068,8229457,0,0,0,0,0,0,0
1748210870337,-18750000,7697943,8412738,8211130,0,0,0,0,0,0,0
1748210870437,-18750000,7719937,8284439,8321099,0,0,0,0,0,0,0
1748210870537,-18750000,7727269,8321096,8321099,0,0,0,0,0,0,0
1748210870637,-18750000,7716271,8449394,8321099,0,0,0,0,0,0,0
1748210870737,-18750000,7723603,8449394,8284439,0,0,0,0,0,0,0
1748210870837,-18750000,7734599,8486054,8284439,0,0,0,0,0,0,0
1748210870937,-18750000,7730933,8412742,8321095,0,0,0,0,0,0,0
1748210871037,-18750000,7712605,8357756,8284435,0,0,0,0,0,0,0
1748210871137,-18750000,7686945,8376086,8302765,0,0,0,0,0,0,0
1748210871237,-18750000,7716271,8357756,8229453,0,0,0,0,0,0,0
1748210871337,-18750000,7697942,8339429,8229453,0,0,0,0,0,0,0
1748210871437,-18750000,7694276,8376086,8192797,0,0,0,0,0,0,0
1748210871537,-18750000,7705273,8357756,8156137,0,0,0,0,0,0,0
1748210871637,-18750000,7701608,8357756,8156137,0,0,0,0,0,0,0
1748210871737,-18750000,7701608,8229457,8192797,0,0,0,0,0,0,0
1748210871837,-18750000,7701608,8229457,8229453,0,0,0,0,0,0,0
1748210871937,-18750000,7705274,8229457,8174467,0,0,0,0,0,0,0
1748210872037,-18750000,7701608,8211131,8192797,0,0,0,0,0,0,0
1748210872137,-18750000,7686946,8174474,8211123,0,0,0,0,0,0,0
1748210872237,-18750000,7664951,8082832,8247779,0,0,0,0,0,0,0
1748210872337,-18750000,7679614,8137814,8229449,0,0,0,0,0,0,0
1748210872437,-18750000,7653954,8192800,8211123,0,0,0,0,0,0,0
1748210872537,-18750000,7646623,8156144,8229453,0,0,0,0,0,0,0
1748210872637,-18750000,7631960,8064502,8174467,0,0,0,0,0,0,0
1748210872737,-18750000,7598969,8137814,8137807,0,0,0,0,0,0,0
1748210872837,-18750000,7598969,8192797,8082820,0,0,0,0,0,0,0
1748210872937,-18750000,7606300,8284439,8156133,0,0,0,0,0,0,0
1748210873037,-18750000,7602635,8357752,8137803,0,0,0,0,0,0,0
1748210873137,-18750000,7606300,8467720,8156133,0,0,0,0,0,0,0
1748210873237,-18750000,7631959,8596019,8119477,0,0,0,0,0,0,0
1748210873337,-18750000,7609965,8577693,8119477,0,0,0,0,0,0,0
1748210873437,-18750000,7628293,8449390,8119477,0,0,0,0,0,0,0
1748210873537,-18750000,7628293,8504377,8101147,0,0,0,0,0,0,0
1748210873637,-18750000,7639291,8559363,8137807,0,0,0,0,0,0,0
1748210873737,-18750000,7668617,8596023,8192793,0,0,0,0,0,0,0
1748210873837,-18750000,7664951,8522711,8211123,0,0,0,0,0,0,0
1748210873937,-18750000,7642958,8504381,8174467,0,0,0,0,0,0,0
1748210874037,-18750000,7650289,8504381,8229453,0,0,0,0,0,0,0
1748210874137,-18750000,7653955,8449394,8156137,0,0,0,0,0,0,0
1748210874237,-18750000,7653955,8394412,8137807,0,0,0,0,0,0,0
1748210874337,-18750000,7646624,8339425,8101150,0,0,0,0,0,0,0
1748210874437,-18750000,7646624,8504384,8119477,0,0,0,0,0,0,0
1748210874537,-18750000,7631960,8504384,8156137,0,0,0,0,0,0,0
1748210874637,-18750000,7631960,8522710,8156137,0,0,0,0,0,0,0
1748210874737,-18750000,7617297,8504380,8101150,0,0,0,0,0,0,0
1748210874837,-18750000,7617297,8522710,8119480,0,0,0,0,0,0,0
1748210874937,-18750000,7613631,8449398,8082824,0,0,0,0,0,0,0
1748210875037,-18750000,7628294,8467728,8064498,0,0,0,0,0,0,0
1748210875137,-18750000,7606300,8357759,8064498,0,0,0,0,0,0,0
1748210875237,-18750000,7573309,8321099,8119484,0,0,0,0,0,0,0
1748210875337,-18750000,7573309,8412742,8174470,0,0,0,0,0,0,0
1748210875437,-18750000,7547649,8339425,8156144,0,0,0,0,0,0,0
1748210875537,-18750000,7543984,8321095,8137814,0,0,0,0,0,0,0
1748210875637,-18750000,7532987,8321095,8101154,0,0,0,0,0,0,0
1748210875737,-18750000,7514659,8431068,8101154,0,0,0,0,0,0,0
1748210875837,-18750000,7507328,8431068,8082824,0,0,0,0,0,0,0
1748210875937,-18750000,7510994,8486054,8101154,0,0,0,0,0,0,0
1748210876037,-18750000,7503662,8431068,8137810,0,0,0,0,0,0,0
1748210876137,-18750000,7529322,8504380,8174470,0,0,0,0,0,0,0
1748210876237,-18750000,7547650,8577697,8192800,0,0,0,0,0,0,0
1748210876337,-18750000,7554982,8486054,8156144,0,0,0,0,0,0,0
1748210876437,-18750000,7573310,8467728,8156144,0,0,0,0,0,0,0
1748210876537,-18750000,7569644,8486058,8119488,0,0,0,0,0,0,0
1748210876637,-18750000,7543984,8467732,8137818,0,0,0,0,0,0,0
1748210876737,-18750000,7551316,8394416,8192804,0,0,0,0,0,0,0
1748210876837,-18750000,7554981,8449398,8211134,0,0,0,0,0,0,0
1748210876937,-18750000,7551315,8431068,8211134,0,0,0,0,0,0,0
1748210877037,-18750000,7536652,8394412,8192804,0,0,0,0,0,0,0
1748210877137,-18750000,7529320,8284443,8229461,0,0,0,0,0,0,0
1748210877237,-18750000,7514658,8192801,8192804,0,0,0,0,0,0,0
1748210877337,-18750000,7507327,8229457,8192804,0,0,0,0,0,0,0
1748210877437,-18750000,7492664,8266113,8229461,0,0,0,0,0,0,0
1748210877537,-18750000,7499995,8284439,8302773,0,0,0,0,0,0,0
1748210877637,-18750000,7496329,8137810,8321103,0,0,0,0,0,0,0
1748210877737,-18750000,7496329,8192797,8339433,0,0,0,0,0,0,0
1748210877837,-18750000,7503661,8174470,8302773,0,0,0,0,0,0,0
1748210877937,-18750000,7474335,8156140,8284443,0,0,0,0,0,0,0
1748210878037,-18750000,7478000,8046168,8284443,0,0,0,0,0,0,0
1748210878137,-18750000,7470669,8174467,8229457,0,0,0,0,0,0,0
1748210878237,-18750000,7481666,8247779,8192797,0,0,0,0,0,0,0
1748210878337,-18750000,7492663,8211123,8192797,0,0,0,0,0,0,0
1748210878437,-18750000,7492663,8137810,8174467,0,0,0,0,0,0,0
1748210878537,-18750000,7492663,8101154,8137810,0,0,0,0,0,0,0
1748210878637,-18750000,7503660,8174467,8101150,0,0,0,0,0,0,0
1748210878737,-18750000,7510991,8064494,8064494,0,0,0,0,0,0,0
1748210878837,-18750000,7507326,7991178,8082824,0,0,0,0,0,0,0
1748210878937,-18750000,7518323,8027838,8101154,0,0,0,0,0,0,0
1748210879037,-18750000,7514658,8064494,8046168,0,0,0,0,0,0,0
1748210879137,-18750000,7510993,8064494,8027838,0,0,0,0,0,0,0
1748210879237,-18750000,7492665,8064494,8027838,0,0,0,0,0,0,0
1748210879337,-18750000,7485334,8082824,7991178,0,0,0,0,0,0,0
1748210879437,-18750000,7467005,7991182,7991178,0,0,0,0,0,0,0
1748210879537,-18750000,7459674,7972855,8027834,0,0,0,0,0,0,0
1748210879637,-18750000,7470671,8046172,8027834,0,0,0,0,0,0,0
1748210879737,-18750000,7474336,8119488,8064490,0,0,0,0,0,0,0
1748210879837,-18750000,7474336,8192804,8064490,0,0,0,0,0,0,0
1748210879937,-18750000,7496330,8229461,8027830,0,0,0,0,0,0,0
1748210880037,-18750000,7499996,8302777,7991174,0,0,0,0,0,0,0
1748210880137,-18750000,7474336,8174478,7991174,0,0,0,0,0,0,0
1748210880237,-18750000,7485332,8137822,8046161,0,0,0,0,0,0,0
1748210880337,-18750000,7481666,8229464,8082821,0,0,0,0,0,0,0
1748210880437,-18750000,7503661,8412749,8046164,0,0,0,0,0,0,0
1748210880537,-18750000,7503661,8321107,7991178,0,0,0,0,0,0,0
1748210880637,-18750000,7503661,8302777,7991178,0,0,0,0,0,0,0
1748210880737,-18750000,7470670,8357763,7917862,0,0,0,0,0,0,0
1748210880837,-18750000,7470670,8357763,7881205,0,0,0,0,0,0,0
1748210880937,-18750000,7445010,8357763,7936192,0,0,0,0,0,0,0
1748210881037,-18750000,7452341,8467732,7991178,0,0,0,0,0,0,0
1748210881137,-18750000,7470670,8541044,7991178,0,0,0,0,0,0,0
1748210881237,-18750000,7467005,8541044,7991178,0,0,0,0,0,0,0
1748210881337,-18750000,7470671,8467728,7954518,0,0,0,0,0,0,0
1748210881437,-18750000,7467005,8302769,7936188,0,0,0,0,0,0,0
1748210881537,-18750000,7445011,8339426,7991174,0,0,0,0,0,0,0
1748210881637,-18750000,7456008,8284439,8046161,0,0,0,0,0,0,0
1748210881737,-18750000,7488999,8156137,8027834,0,0,0,0,0,0,0
1748210881837,-18750000,7485333,8137807,8082821,0,0,0,0,0,0,0
1748210881937,-18750000,7503661,8082821,8046164,0,0,0,0,0,0,0
1748210882037,-18750000,7485333,8027834,8082821,0,0,0,0,0,0,0
1748210882137,-18750000,7503661,8009504,8064494,0,0,0,0,0,0,0
1748210882237,-18750000,7510992,8082817,8046168,0,0,0,0,0,0,0
1748210882337,-18750000,7510992,8119473,8064498,0,0,0,0,0,0,0
1748210882437,-18750000,7478001,8266102,8064498,0,0,0,0,0,0,0
1748210882537,-18750000,7485332,8339414,7972856,0,0,0,0,0,0,0
1748210882637,-18750000,7467004,8266102,7972856,0,0,0,0,0,0,0
1748210882737,-18750000,7448676,8247775,8046168,0,0,0,0,0,0,0
1748210882837,-18750000,7437680,8247775,7991182,0,0,0,0,0,0,0
1748210882937,-18750000,7408355,8229445,7972852,0,0,0,0,0,0,0
1748210883037,-18750000,7415686,8174463,7936196,0,0,0,0,0,0,0
1748210883137,-18750000,7371698,8211123,7954522,0,0,0,0,0,0,0
1748210883237,-18750000,7371698,8174467,7991178,0,0,0,0,0,0,0
1748210883337,-18750000,7375363,8119484,7991178,0,0,0,0,0,0,0
1748210883437,-18750000,7404689,7954529,7991178,0,0,0,0,0,0,0
1748210883537,-18750000,7404689,7972859,8046164,0,0,0,0,0,0,0
1748210883637,-18750000,7419351,8137814,7991178,0,0,0,0,0,0,0
1748210883737,-18750000,7434014,8156140,7991178,0,0,0,0,0,0,0
1748210883837,-18750000,7434014,8156140,8046164,0,0,0,0,0,0,0
1748210883937,-18750000,7456007,8192800,8101150,0,0,0,0,0,0,0
1748210884037,-18750000,7437679,8211127,8082820,0,0,0,0,0,0,0
1748210884137,-18750000,7474336,8156141,8101150,0,0,0,0,0,0,0
1748210884237,-18750000,7463339,8192797,8046164,0,0,0,0,0,0,0
1748210884337,-18750000,7448676,8211123,8082820,0,0,0,0,0,0,0
1748210884437,-18750000,7463339,8302766,8119480,0,0,0,0,0,0,0
1748210884537,-18750000,7463339,8266109,8082824,0,0,0,0,0,0,0
1748210884637,-18750000,7448676,8284439,8064498,0,0,0,0,0,0,0
1748210884737,-18750000,7437679,8321099,7991186,0,0,0,0,0,0,0
1748210884837,-18750000,7434013,8302773,7954526,0,0,0,0,0,0,0
1748210884937,-18750000,7426681,8284443,7899539,0,0,0,0,0,0,0
1748210885037,-18750000,7445010,8302773,7936199,0,0,0,0,0,0,0
1748210885137,-18750000,7430347,8339429,7954529,0,0,0,0,0,0,0
1748210885237,-18750000,7426682,8247787,7936199,0,0,0,0,0,0,0
1748210885337,-18750000,7426682,8192800,7899543,0,0,0,0,0,0,0
1748210885437,-18750000,7393691,8211127,7881213,0,0,0,0,0,0,0
1748210885537,-18750000,7401022,8137810,7881213,0,0,0,0,0,0,0
1748210885637,-18750000,7408354,8101154,7954525,0,0,0,0,0,0,0
1748210885737,-18750000,7393691,8064494,7954525,0,0,0,0,0,0,0
1748210885837,-18750000,7412020,8046164,7972855,0,0,0,0,0,0,0
1748210885937,-18750000,7401023,8046164,7972855,0,0,0,0,0,0,0
1748210886037,-18750000,7397357,7991178,7917869,0,0,0,0,0,0,0
1748210886137,-18750000,7412019,8064490,7936196,0,0,0,0,0,0,0
1748210886237,-18750000,7423016,8082820,7899539,0,0,0,0,0,0,0
1748210886337,-18750000,7430347,8156137,7899539,0,0,0,0,0,0,0
1748210886437,-18750000,7437678,8174467,7899539,0,0,0,0,0,0,0
1748210886537,-18750000,7412018,8284439,7972852,0,0,0,0,0,0,0
1748210886637,-18750000,7386359,8192797,7936196,0,0,0,0,0,0,0
1748210886737,-18750000,7401021,8284439,7917866,0,0,0,0,0,0,0
1748210886837,-18750000,7375361,8284439,7899536,0,0,0,0,0,0,0
1748210886937,-18750000,7386359,8229453,7954522,0,0,0,0,0,0,0
1748210887037,-18750000,7390025,8211123,7972848,0,0,0,0,0,0,0
1748210887137,-18750000,7379028,8027838,7936192,0,0,0,0,0,0,0
1748210887237,-18750000,7346037,8009508,7954522,0,0,0,0,0,0,0
1748210887337,-18750000,7342372,7991178,7991178,0,0,0,0,0,0,0
1748210887437,-18750000,7349703,7862879,7972848,0,0,0,0,0,0,0
1748210887537,-18750000,7371697,7826223,7954522,0,0,0,0,0,0,0
1748210887637,-18750000,7390026,7844549,7972852,0,0,0,0,0,0,0
1748210887737,-18750000,7379029,7716250,8046168,0,0,0,0,0,0,0
1748210887837,-18750000,7390026,7734580,8064498,0,0,0,0,0,0,0
1748210887937,-18750000,7357035,7844553,7991185,0,0,0,0,0,0,0
1748210888037,-18750000,7360700,7881213,7991185,0,0,0,0,0,0,0
1748210888137,-18750000,7357034,7954529,7972855,0,0,0,0,0,0,0
1748210888237,-18750000,7371697,7972859,7991182,0,0,0,0,0,0,0
1748210888337,-18750000,7346037,7954533,7917869,0,0,0,0,0,0,0
1748210888437,-18750000,7342372,8064502,7899543,0,0,0,0,0,0,0
1748210888537,-18750000,7327709,7991186,7862883,0,0,0,0,0,0,0
1748210888637,-18750000,7335040,8046172,7862883,0,0,0,0,0,0,0
1748210888737,-18750000,7327709,8119488,7789567,0,0,0,0,0,0,0
1748210888837,-18750000,7324043,8137814,7771237,0,0,0,0,0,0,0
1748210888937,-18750000,7342371,8064498,7771237,0,0,0,0,0,0,0
1748210889037,-18750000,7320377,7972856,7807897,0,0,0,0,0,0,0
1748210889137,-18750000,7324043,7936199,7789571,0,0,0,0,0,0,0
1748210889237,-18750000,7320378,7972856,7752914,0,0,0,0,0,0,0
1748210889337,-18750000,7313046,7936196,7716258,0,0,0,0,0,0,0
1748210889437,-18750000,7313046,7844553,7734584,0,0,0,0,0,0,0
1748210889537,-18750000,7291052,7899539,7697928,0,0,0,0,0,0,0
1748210889637,-18750000,7269059,7881213,7679598,0,0,0,0,0,0,0
1748210889737,-18750000,7258061,7899539,7752914,0,0,0,0,0,0,0
1748210889837,-18750000,7228736,7844553,7771244,0,0,0,0,0,0,0
1748210889937,-18750000,7236067,7807897,7771244,0,0,0,0,0,0,0
1748210890037,-18750000,7221404,7917866,7752914,0,0,0,0,0,0,0
1748210890137,-18750000,7203075,7991178,7771240,0,0,0,0,0,0,0
1748210890237,-18750000,7206740,7991178,7807897,0,0,0,0,0,0,0
1748210890337,-18750000,7225069,8046164,7881209,0,0,0,0,0,0,0
1748210890437,-18750000,7188412,8046164,7899539,0,0,0,0,0,0,0
1748210890537,-18750000,7228734,8046164,7899539,0,0,0,0,0,0,0
1748210890637,-18750000,7236065,7972848,7862883,0,0,0,0,0,0,0
1748210890737,-18750000,7247063,7936192,7826223,0,0,0,0,0,0,0
1748210890837,-18750000,7261726,7881209,7844553,0,0,0,0,0,0,0
1748210890937,-18750000,7261726,7972852,7862879,0,0,0,0,0,0,0
1748210891037,-18750000,7265392,7862883,7881209,0,0,0,0,0,0,0
1748210891137,-18750000,7291052,7881213,7881209,0,0,0,0,0,0,0
1748210891237,-18750000,7294718,7734584,7881209,0,0,0,0,0,0,0
1748210891337,-18750000,7276389,7771240,7862879,0,0,0,0,0,0,0
1748210891437,-18750000,7313046,7862883,7807893,0,0,0,0,0,0,0
1748210891537,-18750000,7305715,7899539,7844549,0,0,0,0,0,0,0
1748210891637,-18750000,7298384,7954525,7881205,0,0,0,0,0,0,0
1748210891737,-18750000,7302050,7991182,7899535,0,0,0,0,0,0,0
1748210891837,-18750000,7276389,8137807,7826219,0,0,0,0,0,0,0
1748210891937,-18750000,7272723,8101150,7881205,0,0,0,0,0,0,0
1748210892037,-18750000,7283720,8101150,7826219,0,0,0,0,0,0,0
1748210892137,-18750000,7269057,8082820,7771237,0,0,0,0,0,0,0
1748210892237,-18750000,7272723,8174463,7734581,0,0,0,0,0,0,0
1748210892337,-18750000,7294718,8119480,7716254,0,0,0,0,0,0,0
1748210892437,-18750000,7291052,8119480,7716254,0,0,0,0,0,0,0
1748210892537,-18750000,7280054,8101154,7716254,0,0,0,0,0,0,0
1748210892637,-18750000,7283720,8174467,7679598,0,0,0,0,0,0,0
1748210892737,-18750000,7261725,8101154,7624612,0,0,0,0,0,0,0
1748210892837,-18750000,7291051,7936199,7624612,0,0,0,0,0,0,0
1748210892937,-18750000,7280054,7991185,7532969,0,0,0,0,0,0,0
1748210893037,-18750000,7276388,8046168,7532969,0,0,0,0,0,0,0
1748210893137,-18750000,7243397,7991182,7551296,0,0,0,0,0,0,0
1748210893237,-18750000,7225069,8009512,7569626,0,0,0,0,0,0,0
1748210893337,-18750000,7199409,8009512,7587952,0,0,0,0,0,0,0
1748210893437,-18750000,7188412,8009512,7606282,0,0,0,0,0,0,0
1748210893537,-18750000,7192078,7972852,7569626,0,0,0,0,0,0,0
1748210893637,-18750000,7188412,7881209,7569626,0,0,0,0,0,0,0
1748210893737,-18750000,7210407,7862879,7569626,0,0,0,0,0,0,0
1748210893837,-18750000,7203076,7972852,7624612,0,0,0,0,0,0,0
1748210893937,-18750000,7192078,7917865,7642942,0,0,0,0,0,0,0
1748210894037,-18750000,7195744,7936195,7661268,0,0,0,0,0,0,0
1748210894137,-18750000,7232401,7881209,7661268,0,0,0,0,0,0,0
1748210894237,-18750000,7247064,7862879,7679594,0,0,0,0,0,0,0
1748210894337,-18750000,7269058,7862879,7661268,0,0,0,0,0,0,0
1748210894437,-18750000,7272724,7826223,7642938,0,0,0,0,0,0,0
1748210894537,-18750000,7258061,7771240,7661268,0,0,0,0,0,0,0
1748210894637,-18750000,7254395,7844557,7642938,0,0,0,0,0,0,0
1748210894737,-18750000,7265392,7862887,7679594,0,0,0,0,0,0,0
1748210894837,-18750000,7269058,7807900,7642938,0,0,0,0,0,0,0
1748210894937,-18750000,7269058,7807900,7642938,0,0,0,0,0,0,0
1748210895037,-18750000,7269058,7844557,7624612,0,0,0,0,0,0,0
1748210895137,-18750000,7269058,7917873,7642942,0,0,0,0,0,0,0
1748210895237,-18750000,7261727,7862891,7624616,0,0,0,0,0,0,0
1748210895337,-18750000,7265393,7826231,7606286,0,0,0,0,0,0,0
1748210895437,-18750000,7261727,7881217,7642942,0,0,0,0,0,0,0
1748210895537,-18750000,7276390,7972859,7716254,0,0,0,0,0,0,0
1748210895637,-18750000,7280056,7862887,7771241,0,0,0,0,0,0,0
1748210895737,-18750000,7265392,7917873,7697928,0,0,0,0,0,0,0
1748210895837,-18750000,7269058,8009516,7679598,0,0,0,0,0,0,0
1748210895937,-18750000,7287386,8009516,7752911,0,0,0,0,0,0,0
1748210896037,-18750000,7272723,7899547,7771237,0,0,0,0,0,0,0
1748210896137,-18750000,7254394,7972859,7771237,0,0,0,0,0,0,0
1748210896237,-18750000,7243397,7954529,7771237,0,0,0,0,0,0,0
1748210896337,-18750000,7228735,7972859,7752911,0,0,0,0,0,0,0
1748210896437,-18750000,7225070,7936203,7734584,0,0,0,0,0,0,0
1748210896537,-18750000,7232401,7862887,7697928,0,0,0,0,0,0,0
1748210896637,-18750000,7239732,7991185,7679598,0,0,0,0,0,0,0
1748210896737,-18750000,7221404,8009512,7716254,0,0,0,0,0,0,0
1748210896837,-18750000,7225070,7972855,7771241,0,0,0,0,0,0,0
1748210896937,-18750000,7221404,7972855,7734584,0,0,0,0,0,0,0
1748210897037,-18750000,7232401,8046168,7716258,0,0,0,0,0,0,0
1748210897137,-18750000,7236067,7917869,7697928,0,0,0,0,0,0,0
1748210897237,-18750000,7250729,8046168,7697928,0,0,0,0,0,0,0
1748210897337,-18750000,7254395,8009512,7734584,0,0,0,0,0,0,0
1748210897437,-18750000,7236066,7881209,7771241,0,0,0,0,0,0,0
1748210897537,-18750000,7228735,7954525,7697928,0,0,0,0,0,0,0
1748210897637,-18750000,7225069,7826227,7716258,0,0,0,0,0,0,0
1748210897737,-18750000,7232400,7697928,7771244,0,0,0,0,0,0,0
1748210897837,-18750000,7221403,7697928,7734588,0,0,0,0,0,0,0
1748210897937,-18750000,7210406,7734584,7716258,0,0,0,0,0,0,0
1748210898037,-18750000,7214072,7697928,7661272,0,0,0,0,0,0,0
1748210898137,-18750000,7199408,7771241,7679602,0,0,0,0,0,0,0
1748210898237,-18750000,7192077,7789571,7679602,0,0,0,0,0,0,0
1748210898337,-18750000,7177415,7844557,7734588,0,0,0,0,0,0,0
1748210898437,-18750000,7181080,8009516,7716258,0,0,0,0,0,0,0
1748210898537,-18750000,7170083,7936199,7734584,0,0,0,0,0,0,0
1748210898637,-18750000,7137092,8027842,7697928,0,0,0,0,0,0,0
1748210898737,-18750000,7144424,8192797,7697928,0,0,0,0,0,0,0
1748210898837,-18750000,7159086,8229453,7716254,0,0,0,0,0,0,0
1748210898937,-18750000,7133426,8229453,7697928,0,0,0,0,0,0,0
1748210899037,-18750000,7126095,8357752,7734584,0,0,0,0,0,0,0
1748210899137,-18750000,7115098,8412738,7734584,0,0,0,0,0,0,0
1748210899237,-18750000,7111433,8394408,7734584,0,0,0,0,0,0,0
1748210899337,-18750000,7118764,8321092,7679598,0,0,0,0,0,0,0
1748210899437,-18750000,7100435,8302762,7679598,0,0,0,0,0,0,0
1748210899537,-18750000,7074776,8284436,7734584,0,0,0,0,0,0,0
1748210899637,-18750000,7082107,8229449,7734584,0,0,0,0,0,0,0
1748210899737,-18750000,7089438,8137807,7734584,0,0,0,0,0,0,0
1748210899837,-18750000,7067444,8082821,7697928,0,0,0,0,0,0,0
1748210899937,-18750000,7060113,8027834,7734584,0,0,0,0,0,0,0
1748210900037,-18750000,7052781,7972848,7771241,0,0,0,0,0,0,0
1748210900137,-18750000,7045450,7917862,7771241,0,0,0,0,0,0,0
1748210900237,-18750000,7041784,7917862,7807897,0,0,0,0,0,0,0
1748210900337,-18750000,7045450,7954518,7826223,0,0,0,0,0,0,0
1748210900437,-18750000,7085773,7936192,7807897,0,0,0,0,0,0,0
1748210900537,-18750000,7118764,8027834,7771241,0,0,0,0,0,0,0
1748210900637,-18750000,7129761,8082820,7752911,0,0,0,0,0,0,0
1748210900737,-18750000,7122430,8119480,7716254,0,0,0,0,0,0,0
1748210900837,-18750000,7129761,8064494,7734584,0,0,0,0,0,0,0
1748210900937,-18750000,7159087,8064494,7697928,0,0,0,0,0,0,0
1748210901037,-18750000,7144424,7917865,7642946,0,0,0,0,0,0,0
1748210901137,-18750000,7170084,7862883,7606289,0,0,0,0,0,0,0
1748210901237,-18750000,7162753,7844557,7587959,0,0,0,0,0,0,0
1748210901337,-18750000,7155421,7899543,7606289,0,0,0,0,0,0,0
1748210901437,-18750000,7155421,7954525,7624616,0,0,0,0,0,0,0
1748210901537,-18750000,7151756,7954525,7642942,0,0,0,0,0,0,0
1748210901637,-18750000,7148090,7917869,7661272,0,0,0,0,0,0,0
1748210901737,-18750000,7126095,7844553,7679598,0,0,0,0,0,0,0
1748210901837,-18750000,7126095,7862883,7697924,0,0,0,0,0,0,0
1748210901937,-18750000,7126095,7954525,7697924,0,0,0,0,0,0,0
1748210902037,-18750000,7144424,8082828,7734580,0,0,0,0,0,0,0
1748210902137,-18750000,7144424,8192797,7752907,0,0,0,0,0,0,0
1748210902237,-18750000,7148089,8174467,7661264,0,0,0,0,0,0,0
1748210902337,-18750000,7162752,8192797,7587952,0,0,0,0,0,0,0
1748210902437,-18750000,7137092,8082828,7551296,0,0,0,0,0,0,0
1748210902537,-18750000,7118764,8101154,7496313,0,0,0,0,0,0,0
1748210902637,-18750000,7089439,8082824,7514639,0,0,0,0,0,0,0
1748210902737,-18750000,7100436,8027838,7514639,0,0,0,0,0,0,0
1748210902837,-18750000,7093105,8009508,7532969,0,0,0,0,0,0,0
1748210902937,-18750000,7096770,7954526,7514639,0,0,0,0,0,0,0
1748210903037,-18750000,7082108,7972852,7477983,0,0,0,0,0,0,0
1748210903137,-18750000,7067445,7936196,7514639,0,0,0,0,0,0,0
1748210903237,-18750000,7056449,7936196,7606282,0,0,0,0,0,0,0
1748210903337,-18750000,7045451,7862879,7606282,0,0,0,0,0,0,0
1748210903437,-18750000,7045451,7862879,7697924,0,0,0,0,0,0,0
1748210903537,-18750000,7063780,7807893,7734580,0,0,0,0,0,0,0
1748210903637,-18750000,7078442,7789567,7716254,0,0,0,0,0,0,0
1748210903737,-18750000,7049117,7807897,7642942,0,0,0,0,0,0,0
1748210903837,-18750000,7060114,7899539,7624612,0,0,0,0,0,0,0
1748210903937,-18750000,7056449,7917866,7679598,0,0,0,0,0,0,0
1748210904037,-18750000,7071111,7936196,7716254,0,0,0,0,0,0,0
1748210904137,-18750000,7078442,7936196,7716254,0,0,0,0,0,0,0
1748210904237,-18750000,7100436,7881209,7716254,0,0,0,0,0,0,0
1748210904337,-18750000,7104102,7936196,7807897,0,0,0,0,0,0,0
1748210904437,-18750000,7096770,7954522,7734584,0,0,0,0,0,0,0
1748210904537,-18750000,7082107,7917866,7734584,0,0,0,0,0,0,0
1748210904637,-18750000,7074776,7991178,7697928,0,0,0,0,0,0,0
1748210904737,-18750000,7096770,8009508,7752914,0,0,0,0,0,0,0
1748210904837,-18750000,7104101,7954522,7716258,0,0,0,0,0,0,0
1748210904937,-18750000,7100435,7881209,7679602,0,0,0,0,0,0,0
1748210905037,-18750000,7096769,7826223,7716258,0,0,0,0,0,0,0
1748210905137,-18750000,7107767,7826223,7716258,0,0,0,0,0,0,0
1748210905237,-18750000,7096769,7826223,7697932,0,0,0,0,0,0,0
1748210905337,-18750000,7074775,7697924,7624616,0,0,0,0,0,0,0
1748210905437,-18750000,7082107,7716254,7661272,0,0,0,0,0,0,0
1748210905537,-18750000,7089438,7752910,7624616,0,0,0,0,0,0,0
1748210905637,-18750000,7096769,7771240,7697928,0,0,0,0,0,0,0
1748210905737,-18750000,7107766,7844553,7697928,0,0,0,0,0,0,0
1748210905837,-18750000,7078440,7789570,7734584,0,0,0,0,0,0,0
1748210905937,-18750000,7074775,7862883,7697928,0,0,0,0,0,0,0
1748210906037,-18750000,7071110,7899539,7697928,0,0,0,0,0,0,0
1748210906137,-18750000,7060112,7844553,7679602,0,0,0,0,0,0,0
1748210906237,-18750000,7049116,7807897,7697928,0,0,0,0,0,0,0
1748210906337,-18750000,7049116,7844553,7679602,0,0,0,0,0,0,0
1748210906437,-18750000,7027122,7807897,7642945,0,0,0,0,0,0,0
1748210906537,-18750000,7027122,7771241,7697928,0,0,0,0,0,0,0
1748210906637,-18750000,7027122,7734584,7661272,0,0,0,0,0,0,0
1748210906737,-18750000,7008794,7697928,7679598,0,0,0,0,0,0,0
1748210906837,-18750000,7008794,7771241,7661272,0,0,0,0,0,0,0
1748210906937,-18750000,7008794,7697928,7734584,0,0,0,0,0,0,0
1748210907037,-18750000,7008794,7642942,7697928,0,0,0,0,0,0,0
1748210907137,-18750000,7012460,7697928,7734584,0,0,0,0,0,0,0
1748210907237,-18750000,7012460,7789571,7697928,0,0,0,0,0,0,0
1748210907337,-18750000,7012460,7881213,7771241,0,0,0,0,0,0,0
1748210907437,-18750000,7016124,7862883,7752911,0,0,0,0,0,0,0
1748210907537,-18750000,7016124,7862883,7752911,0,0,0,0,0,0,0
1748210907637,-18750000,7005128,7844553,7716254,0,0,0,0,0,0,0
1748210907737,-18750000,7005128,7771237,7716254,0,0,0,0,0,0,0
1748210907837,-18750000,7023456,7734581,7661268,0,0,0,0,0,0,0
1748210907937,-18750000,7030787,7697924,7624612,0,0,0,0,0,0,0
1748210908037,-18750000,7023456,7697924,7624612,0,0,0,0,0,0,0
1748210908137,-18750000,7012459,7661268,7551299,0,0,0,0,0,0,0
1748210908237,-18750000,7012459,7661268,7551299,0,0,0,0,0,0,0
1748210908337,-18750000,6997796,7441327,7514643,0,0,0,0,0,0,0
1748210908437,-18750000,7019790,7441327,7514643,0,0,0,0,0,0,0
1748210908537,-18750000,7049116,7423001,7532973,0,0,0,0,0,0,0
1748210908637,-18750000,7060113,7331358,7587956,0,0,0,0,0,0,0
1748210908737,-18750000,7052781,7331358,7587956,0,0,0,0,0,0,0
1748210908837,-18750000,7038119,7404674,7624612,0,0,0,0,0,0,0
1748210908937,-18750000,7049116,7404674,7661268,0,0,0,0,0,0,0
1748210909037,-18750000,7056447,7331358,7642938,0,0,0,0,0,0,0
1748210909137,-18750000,7041785,7386344,7716251,0,0,0,0,0,0,0
1748210909237,-18750000,7045450,7477987,7716251,0,0,0,0,0,0,0
1748210909337,-18750000,7060113,7477987,7752907,0,0,0,0,0,0,0
1748210909437,-18750000,7041785,7514643,7752907,0,0,0,0,0,0,0
1748210909537,-18750000,7019790,7569626,7697924,0,0,0,0,0,0,0
1748210909637,-18750000,7008793,7716254,7697924,0,0,0,0,0,0,0
1748210909737,-18750000,7016125,7771241,7679598,0,0,0,0,0,0,0
1748210909837,-18750000,6994131,7789567,7661272,0,0,0,0,0,0,0
1748210909937,-18750000,6994131,7752910,7661272,0,0,0,0,0,0,0
1748210910037,-18750000,6972137,7807897,7606286,0,0,0,0,0,0,0
1748210910137,-18750000,6983134,7716254,7606286,0,0,0,0,0,0,0
1748210910237,-18750000,6957474,7477983,7532973,0,0,0,0,0,0,0
1748210910337,-18750000,6957474,7477983,7532973,0,0,0,0,0,0,0
1748210910437,-18750000,6975803,7569625,7532973,0,0,0,0,0,0,0
1748210910537,-18750000,7001463,7569625,7569629,0,0,0,0,0,0,0
1748210910637,-18750000,6994132,7441323,7551299,0,0,0,0,0,0,0
1748210910737,-18750000,6986800,7386337,7532969,0,0,0,0,0,0,0
1748210910837,-18750000,6986800,7422997,7532969,0,0,0,0,0,0,0
1748210910937,-18750000,6986800,7514639,7496313,0,0,0,0,0,0,0
1748210911037,-18750000,7012460,7587952,7532969,0,0,0,0,0,0,0
1748210911137,-18750000,7019791,7716250,7569626,0,0,0,0,0,0,0
1748210911237,-18750000,7034453,7826223,7606282,0,0,0,0,0,0,0
1748210911337,-18750000,7023456,7844549,7551296,0,0,0,0,0,0,0
1748210911437,-18750000,7001462,7881209,7551296,0,0,0,0,0,0,0
1748210911537,-18750000,6979467,7844553,7496309,0,0,0,0,0,0,0
1748210911637,-18750000,6997796,8009512,7496309,0,0,0,0,0,0,0
1748210911737,-18750000,7016124,7954529,7551295,0,0,0,0,0,0,0
1748210911837,-18750000,7045449,7972856,7569622,0,0,0,0,0,0,0
1748210911937,-18750000,7034452,7917869,7587952,0,0,0,0,0,0,0
1748210912037,-18750000,7027121,7862887,7587952,0,0,0,0,0,0,0
1748210912137,-18750000,7016123,7807901,7587952,0,0,0,0,0,0,0
1748210912237,-18750000,7008792,7771244,7569622,0,0,0,0,0,0,0
1748210912337,-18750000,7038118,7807904,7606278,0,0,0,0,0,0,0
1748210912437,-18750000,7045450,7789574,7569622,0,0,0,0,0,0,0
1748210912537,-18750000,7049116,7826230,7606278,0,0,0,0,0,0,0
1748210912637,-18750000,7045450,7807900,7642934,0,0,0,0,0,0,0
1748210912737,-18750000,7001462,7917869,7587948,0,0,0,0,0,0,0
1748210912837,-18750000,7005128,7734584,7624604,0,0,0,0,0,0,0
1748210912937,-18750000,6983134,7752910,7532962,0,0,0,0,0,0,0
1748210913037,-18750000,6953809,7789567,7514636,0,0,0,0,0,0,0
1748210913137,-18750000,6950143,7789567,7496309,0,0,0,0,0,0,0
1748210913237,-18750000,6964806,7862879,7477983,0,0,0,0,0,0,0
1748210913337,-18750000,6920818,7752907,7459657,0,0,0,0,0,0,0
1748210913437,-18750000,6924483,7734577,7477987,0,0,0,0,0,0,0
1748210913537,-18750000,6924483,7734577,7441331,0,0,0,0,0,0,0
1748210913637,-18750000,6917152,7697920,7459661,0,0,0,0,0,0,0
1748210913737,-18750000,6950144,7642934,7404674,0,0,0,0,0,0,0
1748210913837,-18750000,6953809,7697920,7368018,0,0,0,0,0,0,0
1748210913937,-18750000,6986800,7716250,7459661,0,0,0,0,0,0,0
1748210914037,-18750000,7005128,7789563,7441331,0,0,0,0,0,0,0
1748210914137,-18750000,7019791,7807893,7459657,0,0,0,0,0,0,0
1748210914237,-18750000,7001462,7716250,7514639,0,0,0,0,0,0,0
1748210914337,-18750000,7001462,7826223,7514639,0,0,0,0,0,0,0
1748210914437,-18750000,6983134,7844553,7514639,0,0,0,0,0,0,0
1748210914537,-18750000,6994130,7881213,7569626,0,0,0,0,0,0,0
1748210914637,-18750000,7005128,7807900,7477983,0,0,0,0,0,0,0
1748210914737,-18750000,6990464,7807900,7496313,0,0,0,0,0,0,0
1748210914837,-18750000,6975802,7936199,7477987,0,0,0,0,0,0,0
1748210914937,-18750000,6964805,7936199,7423000,0,0,0,0,0,0,0
1748210915037,-18750000,6979468,7899543,7423000,0,0,0,0,0,0,0
1748210915137,-18750000,6975802,7826230,7386344,0,0,0,0,0,0,0
1748210915237,-18750000,6986798,7899543,7349688,0,0,0,0,0,0,0
1748210915337,-18750000,7001461,7844557,7349688,0,0,0,0,0,0,0
1748210915437,-18750000,6994130,7734584,7294702,0,0,0,0,0,0,0
1748210915537,-18750000,6979467,7606282,7276372,0,0,0,0,0,0,0
1748210915637,-18750000,6968470,7661264,7276372,0,0,0,0,0,0,0
1748210915737,-18750000,6994130,7624608,7313028,0,0,0,0,0,0,0
1748210915837,-18750000,6983132,7441323,7294698,0,0,0,0,0,0,0
1748210915937,-18750000,6990464,7459653,7349684,0,0,0,0,0,0,0
1748210916037,-18750000,6979466,7422997,7331358,0,0,0,0,0,0,0
1748210916137,-18750000,6983132,7459653,7349688,0,0,0,0,0,0,0
1748210916237,-18750000,6997796,7496313,7349688,0,0,0,0,0,0,0
1748210916337,-18750000,7005127,7532969,7331358,0,0,0,0,0,0,0
1748210916437,-18750000,7027121,7624612,7349688,0,0,0,0,0,0,0
1748210916537,-18750000,7012459,7716254,7331362,0,0,0,0,0,0,0
1748210916637,-18750000,7005128,7679598,7331362,0,0,0,0,0,0,0
1748210916737,-18750000,6979468,7716254,7349692,0,0,0,0,0,0,0
1748210916837,-18750000,6972137,7881213,7349692,0,0,0,0,0,0,0
1748210916937,-18750000,6964805,7807897,7368018,0,0,0,0,0,0,0
1748210917037,-18750000,6957474,7862883,7368018,0,0,0,0,0,0,0
1748210917137,-18750000,6950143,7899539,7404674,0,0,0,0,0,0,0
1748210917237,-18750000,6961140,7844553,7441330,0,0,0,0,0,0,0
1748210917337,-18750000,6964806,7862883,7514643,0,0,0,0,0,0,0
1748210917437,-18750000,6968471,7844557,7551299,0,0,0,0,0,0,0
1748210917537,-18750000,6990465,7826231,7587955,0,0,0,0,0,0,0
1748210917637,-18750000,6990465,7807904,7624612,0,0,0,0,0,0,0
1748210917737,-18750000,7012460,7826234,7624612,0,0,0,0,0,0,0
1748210917837,-18750000,7045451,7789574,7642942,0,0,0,0,0,0,0
1748210917937,-18750000,7045451,7771248,7551299,0,0,0,0,0,0,0
1748210918037,-18750000,7045451,7734588,7606282,0,0,0,0,0,0,0
1748210918137,-18750000,7049116,7752918,7569626,0,0,0,0,0,0,0
1748210918237,-18750000,7019790,7826230,7532969,0,0,0,0,0,0,0
1748210918337,-18750000,7012458,7771244,7459657,0,0,0,0,0,0,0
1748210918437,-18750000,7008793,7734588,7404671,0,0,0,0,0,0,0
1748210918537,-18750000,6979468,7752914,7368014,0,0,0,0,0,0,0
1748210918637,-18750000,6986799,7771240,7331358,0,0,0,0,0,0,0
1748210918737,-18750000,6972136,7734584,7313028,0,0,0,0,0,0,0
1748210918837,-18750000,6950142,7752914,7368010,0,0,0,0,0,0,0
1748210918937,-18750000,6924482,7789571,7441327,0,0,0,0,0,0,0
1748210919037,-18750000,6935480,7807901,7404671,0,0,0,0,0,0,0
1748210919137,-18750000,6917151,7752914,7404671,0,0,0,0,0,0,0
1748210919237,-18750000,6913485,7624616,7423001,0,0,0,0,0,0,0
1748210919337,-18750000,6920817,7697928,7441331,0,0,0,0,0,0,0
1748210919437,-18750000,6898823,7752911,7441331,0,0,0,0,0,0,0
1748210919537,-18750000,6924482,7697928,7459657,0,0,0,0,0,0,0
1748210919637,-18750000,6928148,7679602,7496313,0,0,0,0,0,0,0
1748210919737,-18750000,6902489,7771244,7477987,0,0,0,0,0,0,0
1748210919837,-18750000,6895157,7606289,7423004,0,0,0,0,0,0,0
1748210919937,-18750000,6906155,7532973,7404674,0,0,0,0,0,0,0
1748210920037,-18750000,6891491,7496317,7368018,0,0,0,0,0,0,0
1748210920137,-18750000,6898823,7532973,7349688,0,0,0,0,0,0,0
1748210920237,-18750000,6920817,7551303,7349688,0,0,0,0,0,0,0
1748210920337,-18750000,6913485,7477990,7368014,0,0,0,0,0,0,0
1748210920437,-18750000,6917151,7459664,7386344,0,0,0,0,0,0,0
1748210920537,-18750000,6917151,7386348,7349688,0,0,0,0,0,0,0
1748210920637,-18750000,6895157,7441331,7331362,0,0,0,0,0,0,0
1748210920737,-18750000,6920816,7331358,7313032,0,0,0,0,0,0,0
1748210920837,-18750000,6902488,7404671,7313032,0,0,0,0,0,0,0
1748210920937,-18750000,6898822,7459657,7276375,0,0,0,0,0,0,0
1748210921037,-18750000,6891491,7423001,7313032,0,0,0,0,0,0,0
1748210921137,-18750000,6873163,7386344,7258045,0,0,0,0,0,0,0
1748210921237,-18750000,6829175,7331358,7221389,0,0,0,0,0,0,0
1748210921337,-18750000,6803515,7294702,7148077,0,0,0,0,0,0,0
1748210921437,-18750000,6777855,7203059,7148077,0,0,0,0,0,0,0
1748210921537,-18750000,6748529,7349688,7184733,0,0,0,0,0,0,0
1748210921637,-18750000,6719204,7148077,7148073,0,0,0,0,0,0,0
1748210921737,-18750000,6667884,7074764,7129743,0,0,0,0,0,0,0
1748210921837,-18750000,6667884,7111421,7111413,0,0,0,0,0,0,0
1748210921937,-18750000,6642224,7074764,7093083,0,0,0,0,0,0,0
1748210922037,-18750000,6594571,7129747,7074757,0,0,0,0,0,0,0
1748210922137,-18750000,6550583,7148073,7038100,0,0,0,0,0,0,0
1748210922237,-18750000,6546917,7074761,7019770,0,0,0,0,0,0,0
1748210922337,-18750000,6535920,6928132,7001440,0,0,0,0,0,0,0
1748210922437,-18750000,6528588,6964788,6964780,0,0,0,0,0,0,0
1748210922537,-18750000,6513926,6836489,6854812,0,0,0,0,0,0,0
1748210922637,-18750000,6499263,6983118,6836485,0,0,0,0,0,0,0
1748210922737,-18750000,6510260,7056431,6854815,0,0,0,0,0,0,0
1748210922837,-18750000,6473603,6983118,6799829,0,0,0,0,0,0,0
1748210922937,-18750000,6473603,6928132,6818159,0,0,0,0,0,0,0
1748210923037,-18750000,6477268,6854819,6781499,0,0,0,0,0,0,0
1748210923137,-18750000,6455274,6671538,6836485,0,0,0,0,0,0,0
1748210923237,-18750000,6433280,6836493,6818155,0,0,0,0,0,0,0
1748210923337,-18750000,6418617,7019778,6818155,0,0,0,0,0,0,0
1748210923437,-18750000,6414952,7074764,6799829,0,0,0,0,0,0,0
1748210923537,-18750000,6363632,7001452,6836486,0,0,0,0,0,0,0
1748210923637,-18750000,6352634,6873153,6818156,0,0,0,0,0,0,0
1748210923737,-18750000,6330641,6781511,6818156,0,0,0,0,0,0,0
1748210923837,-18750000,6330641,6891479,6818156,0,0,0,0,0,0,0
1748210923937,-18750000,6323309,6946466,6744843,0,0,0,0,0,0,0
1748210924037,-18750000,6330641,6946466,6726517,0,0,0,0,0,0,0
1748210924137,-18750000,6341638,7074764,6671531,0,0,0,0,0,0,0
1748210924237,-18750000,6323309,7019778,6634874,0,0,0,0,0,0,0
1748210924337,-18750000,6308647,6964792,6653204,0,0,0,0,0,0,0
1748210924437,-18750000,6301316,6799837,6634874,0,0,0,0,0,0,0
1748210924537,-18750000,6319644,6983118,6616544,0,0,0,0,0,0,0
1748210924637,-18750000,6315979,7111417,6689861,0,0,0,0,0,0,0
1748210924737,-18750000,6312313,7184733,6616548,0,0,0,0,0,0,0
1748210924837,-18750000,6326975,7111420,6689864,0,0,0,0,0,0,0
1748210924937,-18750000,6290318,7056434,6763177,0,0,0,0,0,0,0
1748210925037,-18750000,6264659,7093090,6744847,0,0,0,0,0,0,0
1748210925137,-18750000,6279321,7111417,6726521,0,0,0,0,0,0,0
1748210925237,-18750000,6297650,7056431,6708194,0,0,0,0,0,0,0
1748210925337,-18750000,6301316,7019774,6671538,0,0,0,0,0,0,0
1748210925437,-18750000,6297650,7129743,6726524,0,0,0,0,0,0,0
1748210925537,-18750000,6308647,7038101,6671542,0,0,0,0,0,0,0
1748210925637,-18750000,6330641,6964784,6616555,0,0,0,0,0,0,0
1748210925737,-18750000,6308646,6928124,6653212,0,0,0,0,0,0,0
1748210925837,-18750000,6293984,6928124,6616552,0,0,0,0,0,0,0
1748210925937,-18750000,6312312,6928124,6579896,0,0,0,0,0,0,0
1748210926037,-18750000,6315978,6873138,6561569,0,0,0,0,0,0,0
1748210926137,-18750000,6323309,6726513,6524913,0,0,0,0,0,0,0
1748210926237,-18750000,6308646,6744843,6524913,0,0,0,0,0,0,0
1748210926337,-18750000,6308646,6726513,6561569,0,0,0,0,0,0,0
1748210926437,-18750000,6286652,6763169,6506583,0,0,0,0,0,0,0
1748210926537,-18750000,6260993,6763169,6579896,0,0,0,0,0,0,0
1748210926637,-18750000,6253661,6873142,6561566,0,0,0,0,0,0,0
1748210926737,-18750000,6282987,6873142,6561566,0,0,0,0,0,0,0
1748210926837,-18750000,6271990,6891472,6506583,0,0,0,0,0,0,0
1748210926937,-18750000,6257327,6946458,6543239,0,0,0,0,0,0,0
1748210927037,-18750000,6257327,6909802,6598222,0,0,0,0,0,0,0
1748210927137,-18750000,6213339,7093083,6598222,0,0,0,0,0,0,0
1748210927237,-18750000,6198677,7166396,6616548,0,0,0,0,0,0,0
1748210927337,-18750000,6184013,7276368,6579892,0,0,0,0,0,0,0
1748210927437,-18750000,6169350,7111413,6598222,0,0,0,0,0,0,0
1748210927537,-18750000,6187678,7184729,6579892,0,0,0,0,0,0,0
1748210927637,-18750000,6169350,7166399,6543236,0,0,0,0,0,0,0
1748210927737,-18750000,6154687,7166399,6469923,0,0,0,0,0,0,0
1748210927837,-18750000,6165685,7239712,6469923,0,0,0,0,0,0,0
1748210927937,-18750000,6173016,7203056,6396611,0,0,0,0,0,0,0
1748210928037,-18750000,6154687,7203056,6378284,0,0,0,0,0,0,0
1748210928137,-18750000,6136359,7129743,6378284,0,0,0,0,0,0,0
1748210928237,-18750000,6125362,7111417,6341628,0,0,0,0,0,0,0
1748210928337,-18750000,6088705,7019774,6304972,0,0,0,0,0,0,0
1748210928437,-18750000,6074042,7166403,6231659,0,0,0,0,0,0,0
1748210928537,-18750000,6037385,7001448,6195003,0,0,0,0,0,0,0
1748210928637,-18750000,6004394,6836493,6158347,0,0,0,0,0,0,0
1748210928737,-18750000,5975068,6873153,6195003,0,0,0,0,0,0,0
1748210928837,-18750000,5942077,6781511,6176673,0,0,0,0,0,0,0
1748210928937,-18750000,5887092,6818167,6176673,0,0,0,0,0,0,0
1748210929037,-18750000,5861432,6928139,6121687,0,0,0,0,0,0,0
1748210929137,-18750000,5843104,6818171,6140013,0,0,0,0,0,0,0
1748210929237,-18750000,5810113,6634886,6158343,0,0,0,0,0,0,0
1748210929337,-18750000,5791784,6579899,6140013,0,0,0,0,0,0,0
1748210929437,-18750000,5766125,6488257,6066697,0,0,0,0,0,0,0
1748210929537,-18750000,5718470,6414940,6066697,0,0,0,0,0,0,0
1748210929637,-18750000,5659820,6359954,6066697,0,0,0,0,0,0,0
1748210929737,-18750000,5604834,6268312,5993380,0,0,0,0,0,0,0
1748210929837,-18750000,5538851,6121683,5975054,0,0,0,0,0,0,0
1748210929937,-18750000,5494863,6011714,5883412,0,0,0,0,0,0,0
1748210930037,-18750000,5406887,5828429,5846756,0,0,0,0,0,0,0
1748210930137,-18750000,5351902,5736787,5773443,0,0,0,0,0,0,0
1748210930237,-18750000,5271257,5791773,5681801,0,0,0,0,0,0,0
1748210930337,-18750000,5201609,5736787,5645144,0,0,0,0,0,0,0
1748210930437,-18750000,5128295,5718457,5608488,0,0,0,0,0,0,0
1748210930537,-18750000,5058647,5718457,5498519,0,0,0,0,0,0,0
1748210930637,-18750000,5010992,5755113,5425207,0,0,0,0,0,0,0
1748210930737,-18750000,4930347,5590154,5315238,0,0,0,0,0,0,0
1748210930837,-18750000,4835039,5571828,5205266,0,0,0,0,0,0,0
1748210930937,-18750000,4754394,5516842,5131949,0,0,0,0,0,0,0
1748210931037,-18750000,4692077,5480186,5058637,0,0,0,0,0,0,0
1748210931137,-18750000,4596769,5406869,4966994,0,0,0,0,0,0,0
1748210931237,-18750000,4494130,5315227,4875352,0,0,0,0,0,0,0
1748210931337,-18750000,4398822,5241914,4765379,0,0,0,0,0,0,0
1748210931437,-18750000,4299848,5076959,4765379,0,0,0,0,0,0,0
1748210931537,-18750000,4189878,5021973,4655407,0,0,0,0,0,0,0
1748210931637,-18750000,4046916,4838692,4563764,0,0,0,0,0,0,0
1748210931737,-18750000,3936946,4765379,4508778,0,0,0,0,0,0,0
1748210931837,-18750000,3845303,4637081,4325493,0,0,0,0,0,0,0
1748210931937,-18750000,3735333,4435466,4270511,0,0,0,0,0,0,0
1748210932037,-18750000,3618031,4215524,4160538,0,0,0,0,0,0,0
1748210932137,-18750000,3511726,4215524,4068896,0,0,0,0,0,0,0
1748210932237,-18750000,3423749,3977253,3922267,0,0,0,0,0,0,0
1748210932337,-18750000,3313778,3775642,3830624,0,0,0,0,0,0,0
1748210932437,-18750000,3200142,3665669,3647339,0,0,0,0,0,0,0
1748210932537,-18750000,3093837,3500714,3555697,0,0,0,0,0,0,0
1748210932637,-18750000,3009527,3390742,3482381,0,0,0,0,0,0,0
1748210932737,-18750000,2884893,3280773,3335752,0,0,0,0,0,0,0
1748210932837,-18750000,2763926,3115814,3335752,0,0,0,0,0,0,0
1748210932937,-18750000,2657621,3005845,3152467,0,0,0,0,0,0,0
1748210933037,-18750000,2551316,2969189,2987512,0,0,0,0,0,0,0
1748210933137,-18750000,2437679,2859220,2859213,0,0,0,0,0,0,0
1748210933237,-18750000,2316711,2895877,2785901,0,0,0,0,0,0,0
1748210933337,-18750000,2203075,2749248,2675932,0,0,0,0,0,0,0
1748210933437,-18750000,2067444,2620949,2584289,0,0,0,0,0,0,0
1748210933537,-18750000,1961139,2639279,2492647,0,0,0,0,0,0,0
1748210933637,-18750000,1836506,2657609,2364348,0,0,0,0,0,0,0
1748210933737,-18750000,1741198,2675936,2309366,0,0,0,0,0,0,0
1748210933837,-18750000,1642224,2657609,2181067,0,0,0,0,0,0,0
1748210933937,-18750000,1539584,2565967,2126081,0,0,0,0,0,0,0
1748210934037,-18750000,1436945,2401008,2071094,0,0,0,0,0,0,0
1748210934137,-18750000,1341637,2199393,1961122,0,0,0,0,0,0,0
1748210934237,-18750000,1260992,2089424,1869479,0,0,0,0,0,0,0
1748210934337,-18750000,1180347,2126081,1704524,0,0,0,0,0,0,0
1748210934437,-18750000,1121696,2107754,1576226,0,0,0,0,0,0,0
1748210934537,-18750000,1026389,1906139,1521239,0,0,0,0,0,0,0
1748210934637,-18750000,960406,1741181,1429597,0,0,0,0,0,0,0
1748210934737,-18750000,872429,1539569,1374611,0,0,0,0,0,0,0
1748210934837,-18750000,795450,1392941,1246312,0,0,0,0,0,0,0
1748210934937,-18750000,703808,1301298,1191326,0,0,0,0,0,0,0
1748210935037,-18750000,637825,1264642,1118013,0,0,0,0,0,0,0
1748210935137,-18750000,560846,1264642,1081357,0,0,0,0,0,0,0
1748210935237,-18750000,502195,1172999,1063027,0,0,0,0,0,0,0
1748210935337,-18750000,417884,1172999,1063027,0,0,0,0,0,0,0
1748210935437,-18750000,333574,934728,1026371,0,0,0,0,0,0,0
1748210935537,-18750000,304248,879746,971388,0,0,0,0,0,0,0
1748210935637,-18750000,249263,824763,879746,0,0,0,0,0,0,0
1748210935737,-18750000,175949,788107,824759,0,0,0,0,0,0,0
1748210935837,-18750000,128294,769781,879746,0,0,0,0,0,0,0
1748210935937,-18750000,87972,843093,843089,0,0,0,0,0,0,0
1748210936037,-18750000,36653,879749,714791,0,0,0,0,0,0,0
1748210936137,-18750000,7327,806437,659804,0,0,0,0,0,0,0
1748210936237,-18750000,-36660,788107,568162,0,0,0,0,0,0,0
1748210936337,-18750000,-84314,586496,513176,0,0,0,0,0,0,0
1748210936437,-18750000,-109974,733124,439863,0,0,0,0,0,0,0
1748210936537,-18750000,-168625,733124,348221,0,0,0,0,0,0,0
1748210936637,-18750000,-212613,678138,311564,0,0,0,0,0,0,0
1748210936737,-18750000,-201616,623152,219922,0,0,0,0,0,0,0
1748210936837,-18750000,-234607,494849,183266,0,0,0,0,0,0,0
1748210936937,-18750000,-282261,549836,109953,0,0,0,0,0,0,0
1748210937037,-18750000,-307921,494853,183266,0,0,0,0,0,0,0
1748210937137,-18750000,-348243,421541,201596,0,0,0,0,0,0,0
1748210937237,-18750000,-381234,366554,238256,0,0,0,0,0,0,0
1748210937337,-18750000,-384899,458197,219926,0,0,0,0,0,0,0
1748210937437,-18750000,-392231,384881,274908,0,0,0,0,0,0,0
1748210937537,-18750000,-395897,458193,329895,0,0,0,0,0,0,0
1748210937637,-18750000,-381234,458193,311568,0,0,0,0,0,0,0
1748210937737,-18750000,-406894,476519,348225,0,0,0,0,0,0,0
1748210937837,-18750000,-414225,586492,348225,0,0,0,0,0,0,0
1748210937937,-18750000,-384899,421537,329895,0,0,0,0,0,0,0
1748210938037,-18750000,-395897,458193,311565,0,0,0,0,0,0,0
1748210938137,-18750000,-388565,549836,329895,0,0,0,0,0,0,0
1748210938237,-18750000,-417891,641478,219922,0,0,0,0,0,0,0
1748210938337,-18750000,-432554,604818,201596,0,0,0,0,0,0,0
1748210938437,-18750000,-450883,586492,238256,0,0,0,0,0,0,0
1748210938537,-18750000,-469211,494849,164940,0,0,0,0,0,0,0
1748210938637,-18750000,-472877,494849,183266,0,0,0,0,0,0,0
1748210938737,-18750000,-461881,366551,109953,0,0,0,0,0,0,0
1748210938837,-18750000,-450883,329894,36637,0,0,0,0,0,0,0
1748210938937,-18750000,-469212,256578,54967,0,0,0,0,0,0,0
1748210939037,-18750000,-454549,128279,18311,0,0,0,0,0,0,0
1748210939137,-18750000,-443552,91619,-55004,0,0,0,0,0,0,0
1748210939237,-18750000,-414226,18307,54967,0,0,0,0,0,0,0
1748210939337,-18750000,-399563,18307,73294,0,0,0,0,0,0,0
1748210939437,-18750000,-377569,18307,-18348,0,0,0,0,0,0,0
1748210939537,-18750000,-359240,-36678,-18348,0,0,0,0,0,0,0
1748210939637,-18750000,-370237,-55008,-18348,0,0,0,0,0,0,0
1748210939737,-18750000,-373903,128276,-18,0,0,0,0,0,0,0
1748210939837,-18750000,-384900,128276,36637,0,0,0,0,0,0,0
1748210939937,-18750000,-355574,201592,73294,0,0,0,0,0,0,0
1748210940037,-18750000,-381234,238248,146610,0,0,0,0,0,0,0
1748210940137,-18750000,-403229,293234,201596,0,0,0,0,0,0,0
1748210940237,-18750000,-395897,238248,128280,0,0,0,0,0,0,0
1748210940337,-18750000,-392232,219922,164936,0,0,0,0,0,0,0
1748210940437,-18750000,-414226,238248,219918,0,0,0,0,0,0,0
1748210940537,-18750000,-428889,311564,256575,0,0,0,0,0,0,0
1748210940637,-18750000,-425223,311564,311561,0,0,0,0,0,0,0
1748210940737,-18750000,-436220,274908,403203,0,0,0,0,0,0,0
1748210940837,-18750000,-421558,293234,403203,0,0,0,0,0,0,0
1748210940937,-18750000,-454549,348221,329891,0,0,0,0,0,0,0
1748210941037,-18750000,-436220,403207,293231,0,0,0,0,0,0,0
1748210941137,-18750000,-417892,329895,219918,0,0,0,0,0,0,0
1748210941237,-18750000,-439886,348224,201592,0,0,0,0,0,0,0
1748210941337,-18750000,-439886,348224,128280,0,0,0,0,0,0,0
1748210941437,-18750000,-436220,293242,91623,0,0,0,0,0,0,0
1748210941537,-18750000,-432555,219926,54967,0,0,0,0,0,0,0
1748210941637,-18750000,-454549,329898,-18,0,0,0,0,0,0,0
1748210941737,-18750000,-428890,348228,-55004,0,0,0,0,0,0,0
1748210941837,-18750000,-461881,183273,-91661,0,0,0,0,0,0,0
1748210941937,-18750000,-454550,73301,-18348,0,0,0,0,0,0,0
1748210942037,-18750000,-447218,73301,-18,0,0,0,0,0,0,0
1748210942137,-18750000,-465547,73301,73293,0,0,0,0,0,0,0
1748210942237,-18750000,-450884,128287,91620,0,0,0,0,0,0,0
1748210942337,-18750000,-447218,54971,128276,0,0,0,0,0,0,0
1748210942437,-18750000,-428889,183269,109950,0,0,0,0,0,0,0
1748210942537,-18750000,-414226,238256,128280,0,0,0,0,0,0,0
1748210942637,-18750000,-421557,256582,91623,0,0,0,0,0,0,0
1748210942737,-18750000,-443551,238252,54967,0,0,0,0,0,0,0
1748210942837,-18750000,-417891,439867,109953,0,0,0,0,0,0,0
1748210942937,-18750000,-432554,549839,36641,0,0,0,0,0,0,0
1748210943037,-18750000,-421557,531509,-15,0,0,0,0,0,0,0
1748210943137,-18750000,-403228,586496,-55001,0,0,0,0,0,0,0
1748210943237,-18750000,-406894,586496,18315,0,0,0,0,0,0,0
1748210943337,-18750000,-399563,696468,36644,0,0,0,0,0,0,0
1748210943437,-18750000,-392232,586496,54971,0,0,0,0,0,0,0
1748210943537,-18750000,-410561,549840,91627,0,0,0,0,0,0,0
1748210943637,-18750000,-388566,513183,183270,0,0,0,0,0,0,0
1748210943737,-18750000,-392232,476527,146610,0,0,0,0,0,0,0
1748210943837,-18750000,-414227,458197,146610,0,0,0,0,0,0,0
1748210943937,-18750000,-406895,439867,183266,0,0,0,0,0,0,0
1748210944037,-18750000,-432554,384881,183266,0,0,0,0,0,0,0
1748210944137,-18750000,-432554,348221,164939,0,0,0,0,0,0,0
1748210944237,-18750000,-439885,366547,146609,0,0,0,0,0,0,0
1748210944337,-18750000,-458214,293234,128280,0,0,0,0,0,0,0
1748210944437,-18750000,-461879,403207,128280,0,0,0,0,0,0,0
1748210944537,-18750000,-428888,439863,109950,0,0,0,0,0,0,0
1748210944637,-18750000,-425223,348221,109950,0,0,0,0,0,0,0
1748210944737,-18750000,-377569,421533,219922,0,0,0,0,0,0,0
1748210944837,-18750000,-344577,384877,164936,0,0,0,0,0,0,0
1748210944937,-18750000,-344577,348221,164936,0,0,0,0,0,0,0
1748210945037,-18750000,-322582,421537,183262,0,0,0,0,0,0,0
1748210945137,-18750000,-355573,384881,238245,0,0,0,0,0,0,0
1748210945237,-18750000,-373902,329894,201588,0,0,0,0,0,0,0
1748210945337,-18750000,-362905,421537,183262,0,0,0,0,0,0,0
1748210945437,-18750000,-377568,329894,201592,0,0,0,0,0,0,0
1748210945537,-18750000,-417891,329894,219922,0,0,0,0,0,0,0
1748210945637,-18750000,-428887,403211,183266,0,0,0,0,0,0,0
1748210945737,-18750000,-458213,274912,128279,0,0,0,0,0,0,0
1748210945837,-18750000,-472876,293238,164936,0,0,0,0,0,0,0
1748210945937,-18750000,-458214,366551,201592,0,0,0,0,0,0,0
1748210946037,-18750000,-458214,219922,238252,0,0,0,0,0,0,0
1748210946137,-18750000,-421557,293238,219926,0,0,0,0,0,0,0
1748210946237,-18750000,-421557,293238,164939,0,0,0,0,0,0,0
1748210946337,-18750000,-436219,274908,219922,0,0,0,0,0,0,0
1748210946437,-18750000,-432553,293235,201592,0,0,0,0,0,0,0
1748210946537,-18750000,-439885,311565,146606,0,0,0,0,0,0,0
1748210946637,-18750000,-439885,256578,146606,0,0,0,0,0,0,0
1748210946737,-18750000,-469210,366551,183262,0,0,0,0,0,0,0
1748210946837,-18750000,-483873,311568,164936,0,0,0,0,0,0,0
1748210946937,-18750000,-498535,274912,91623,0,0,0,0,0,0,0
1748210947037,-18750000,-509533,403211,91623,0,0,0,0,0,0,0
1748210947137,-18750000,-516865,439867,128280,0,0,0,0,0,0,0
1748210947237,-18750000,-494870,494853,183266,0,0,0,0,0,0,0
1748210947337,-18750000,-498536,384881,128283,0,0,0,0,0,0,0
1748210947437,-18750000,-480208,421541,128283,0,0,0,0,0,0,0
1748210947537,-18750000,-450882,403211,146613,0,0,0,0,0,0,0
1748210947637,-18750000,-439885,348224,183269,0,0,0,0,0,0,0
1748210947737,-18750000,-417891,293238,183269,0,0,0,0,0,0,0
1748210947837,-18750000,-414225,311564,238256,0,0,0,0,0,0,0
1748210947937,-18750000,-421557,128279,256582,0,0,0,0,0,0,0
1748210948037,-18750000,-425223,91623,164940,0,0,0,0,0,0,0
1748210948137,-18750000,-428888,-18348,54967,0,0,0,0,0,0,0
1748210948237,-18750000,-425223,-73335,36637,0,0,0,0,0,0,0
1748210948337,-18750000,-403229,91623,109950,0,0,0,0,0,0,0
1748210948437,-18750000,-436220,73293,91623,0,0,0,0,0,0,0
1748210948537,-18750000,-454549,54963,36637,0,0,0,0,0,0,0
1748210948637,-18750000,-447217,164936,-18348,0,0,0,0,0,0,0
1748210948737,-18750000,-425223,219922,-18348,0,0,0,0,0,0,0
1748210948837,-18750000,-417892,256578,-55008,0,0,0,0,0,0,0
1748210948937,-18750000,-399563,256578,-55008,0,0,0,0,0,0,0
1748210949037,-18750000,-388566,274905,36633,0,0,0,0,0,0,0
1748210949137,-18750000,-388566,274905,91620,0,0,0,0,0,0,0
1748210949237,-18750000,-384900,238248,73293,0,0,0,0,0,0,0
1748210949337,-18750000,-388566,219918,54963,0,0,0,0,0,0,0
1748210949437,-18750000,-377569,219918,109946,0,0,0,0,0,0,0
1748210949537,-18750000,-362906,274905,146602,0,0,0,0,0,0,0
1748210949637,-18750000,-373904,256575,219918,0,0,0,0,0,0,0
1748210949737,-18750000,-417892,201588,164936,0,0,0,0,0,0,0
1748210949837,-18750000,-417892,201588,91623,0,0,0,0,0,0,0
1748210949937,-18750000,-417892,366543,54967,0,0,0,0,0,0,0
1748210950037,-18750000,-465546,366543,-55004,0,0,0,0,0,0,0
1748210950137,-18750000,-472877,348217,-109991,0,0,0,0,0,0,0
1748210950237,-18750000,-472877,403203,-73335,0,0,0,0,0,0,0
1748210950337,-18750000,-480209,329891,-128317,0,0,0,0,0,0,0
1748210950437,-18750000,-480209,329891,-91657,0,0,0,0,0,0,0
1748210950537,-18750000,-491205,293234,-36671,0,0,0,0,0,0,0
1748210950637,-18750000,-476543,256578,-55001,0,0,0,0,0,0,0
1748210950737,-18750000,-461879,293234,-73331,0,0,0,0,0,0,0
1748210950837,-18750000,-443551,329894,-18345,0,0,0,0,0,0,0
1748210950937,-18750000,-447216,219926,73297,0,0,0,0,0,0,0
1748210951037,-18750000,-417890,238256,164939,0,0,0,0,0,0,0
1748210951137,-18750000,-406894,238256,256582,0,0,0,0,0,0,0
1748210951237,-18750000,-406894,183270,256582,0,0,0,0,0,0,0
1748210951337,-18750000,-406894,238256,256582,0,0,0,0,0,0,0
1748210951437,-18750000,-406894,146613,274908,0,0,0,0,0,0,0
1748210951537,-18750000,-392231,109957,219922,0,0,0,0,0,0,0
1748210951637,-18750000,-439885,109957,183266,0,0,0,0,0,0,0
